Timestamp,Load_kW
2025-10-01 00:15,33.82
2025-10-01 00:30,35.08
2025-10-01 00:45,34.87
2025-10-01 01:00,34.11
2025-10-01 01:15,33.84
2025-10-01 01:30,32.80
2025-10-01 01:45,32.60
2025-10-01 02:00,33.57
2025-10-01 02:15,32.17
2025-10-01 02:30,32.87
2025-10-01 02:45,33.25
2025-10-01 03:00,32.45
2025-10-01 03:15,33.70
2025-10-01 03:30,32.83
2025-10-01 03:45,31.90
2025-10-01 04:00,33.91
2025-10-01 04:15,32.81
2025-10-01 04:30,31.90
2025-10-01 04:45,33.05
2025-10-01 05:00,31.23
2025-10-01 05:15,29.84
2025-10-01 05:30,31.55
2025-10-01 05:45,31.14
2025-10-01 06:00,30.51
2025-10-01 06:15,31.77
2025-10-01 06:30,31.23
2025-10-01 06:45,30.65
2025-10-01 07:00,33.16
2025-10-01 07:15,31.19
2025-10-01 07:30,30.42
2025-10-01 07:45,32.08
2025-10-01 08:00,33.61
2025-10-01 08:15,37.13
2025-10-01 08:30,37.98
2025-10-01 08:45,35.77
2025-10-01 09:00,35.82
2025-10-01 09:15,38.48
2025-10-01 09:30,37.39
2025-10-01 09:45,37.62
2025-10-01 10:00,37.44
2025-10-01 10:15,35.30
2025-10-01 10:30,36.16
2025-10-01 10:45,37.96
2025-10-01 11:00,37.35
2025-10-01 11:15,37.12
2025-10-01 11:30,37.01
2025-10-01 11:45,37.48
2025-10-01 12:00,37.26
2025-10-01 12:15,36.83
2025-10-01 12:30,35.42
2025-10-01 12:45,35.23
2025-10-01 13:00,35.19
2025-10-01 13:15,35.55
2025-10-01 13:30,35.10
2025-10-01 13:45,34.63
2025-10-01 14:00,34.90
2025-10-01 14:15,34.70
2025-10-01 14:30,35.89
2025-10-01 14:45,36.23
2025-10-01 15:00,34.42
2025-10-01 15:15,34.87
2025-10-01 15:30,35.19
2025-10-01 15:45,36.36
2025-10-01 16:00,37.31
2025-10-01 16:15,36.58
2025-10-01 16:30,37.62
2025-10-01 16:45,38.18
2025-10-01 17:00,36.81
2025-10-01 17:15,34.56
2025-10-01 17:30,34.88
2025-10-01 17:45,34.96
2025-10-01 18:00,34.06
2025-10-01 18:15,33.01
2025-10-01 18:30,33.64
2025-10-01 18:45,35.14
2025-10-01 19:00,34.45
2025-10-01 19:15,33.19
2025-10-01 19:30,33.01
2025-10-01 19:45,33.89
2025-10-01 20:00,33.84
2025-10-01 20:15,33.25
2025-10-01 20:30,32.36
2025-10-01 20:45,29.41
2025-10-01 21:00,29.00
2025-10-01 21:15,28.37
2025-10-01 21:30,28.87
2025-10-01 21:45,27.88
2025-10-01 22:00,28.93
2025-10-01 22:15,29.68
2025-10-01 22:30,29.63
2025-10-01 22:45,29.47
2025-10-01 23:00,29.45
2025-10-01 23:15,29.93
2025-10-01 23:30,29.65
2025-10-01 23:45,29.54
2025-10-02 00:00,30.83
2025-10-02 00:15,31.32
2025-10-02 00:30,30.31
2025-10-02 00:45,30.44
2025-10-02 01:00,30.06
2025-10-02 01:15,30.62
2025-10-02 01:30,30.82
2025-10-02 01:45,30.82
2025-10-02 02:00,30.65
2025-10-02 02:15,30.76
2025-10-02 02:30,31.25
2025-10-02 02:45,30.62
2025-10-02 03:00,30.53
2025-10-02 03:15,30.74
2025-10-02 03:30,31.16
2025-10-02 03:45,30.74
2025-10-02 04:00,30.56
2025-10-02 04:15,31.10
2025-10-02 04:30,30.92
2025-10-02 04:45,30.78
2025-10-02 05:00,30.67
2025-10-02 05:15,31.01
2025-10-02 05:30,30.76
2025-10-02 05:45,30.73
2025-10-02 06:00,31.28
2025-10-02 06:15,30.58
2025-10-02 06:30,30.67
2025-10-02 06:45,31.16
2025-10-02 07:00,30.42
2025-10-02 07:15,31.52
2025-10-02 07:30,30.44
2025-10-02 07:45,31.00
2025-10-02 08:00,32.90
2025-10-02 08:15,34.29
2025-10-02 08:30,38.92
2025-10-02 08:45,38.30
2025-10-02 09:00,38.79
2025-10-02 09:15,38.68
2025-10-02 09:30,37.84
2025-10-02 09:45,38.36
2025-10-02 10:00,36.38
2025-10-02 10:15,37.12
2025-10-02 10:30,37.21
2025-10-02 10:45,37.06
2025-10-02 11:00,36.61
2025-10-02 11:15,36.65
2025-10-02 11:30,36.61
2025-10-02 11:45,37.06
2025-10-02 12:00,37.28
2025-10-02 12:15,35.93
2025-10-02 12:30,35.60
2025-10-02 12:45,35.12
2025-10-02 13:00,35.39
2025-10-02 13:15,35.21
2025-10-02 13:30,37.24
2025-10-02 13:45,36.58
2025-10-02 14:00,37.13
2025-10-02 14:15,37.30
2025-10-02 14:30,37.28
2025-10-02 14:45,37.13
2025-10-02 15:00,36.95
2025-10-02 15:15,36.11
2025-10-02 15:30,36.18
2025-10-02 15:45,36.52
2025-10-02 16:00,35.78
2025-10-02 16:15,35.60
2025-10-02 16:30,36.00
2025-10-02 16:45,37.04
2025-10-02 17:00,35.71
2025-10-02 17:15,35.41
2025-10-02 17:30,34.88
2025-10-02 17:45,35.23
2025-10-02 18:00,35.06
2025-10-02 18:15,35.08
2025-10-02 18:30,34.04
2025-10-02 18:45,33.43
2025-10-02 19:00,34.52
2025-10-02 19:15,34.06
2025-10-02 19:30,33.48
2025-10-02 19:45,33.50
2025-10-02 20:00,33.93
2025-10-02 20:15,32.76
2025-10-02 20:30,33.79
2025-10-02 20:45,33.30
2025-10-02 21:00,32.94
2025-10-02 21:15,31.64
2025-10-02 21:30,31.70
2025-10-02 21:45,31.36
2025-10-02 22:00,31.64
2025-10-02 22:15,32.02
2025-10-02 22:30,32.42
2025-10-02 22:45,31.55
2025-10-02 23:00,31.81
2025-10-02 23:15,32.33
2025-10-02 23:30,32.17
2025-10-02 23:45,32.45
2025-10-03 00:00,32.87
2025-10-03 00:15,32.54
2025-10-03 00:30,33.14
2025-10-03 00:45,33.16
2025-10-03 01:00,33.28
2025-10-03 01:15,33.07
2025-10-03 01:30,32.94
2025-10-03 01:45,33.07
2025-10-03 02:00,33.16
2025-10-03 02:15,33.41
2025-10-03 02:30,33.32
2025-10-03 02:45,33.25
2025-10-03 03:00,33.44
2025-10-03 03:15,33.08
2025-10-03 03:30,33.05
2025-10-03 03:45,33.30
2025-10-03 04:00,33.32
2025-10-03 04:15,33.57
2025-10-03 04:30,33.44
2025-10-03 04:45,33.34
2025-10-03 05:00,33.61
2025-10-03 05:15,33.44
2025-10-03 05:30,33.57
2025-10-03 05:45,33.28
2025-10-03 06:00,33.28
2025-10-03 06:15,33.26
2025-10-03 06:30,33.52
2025-10-03 06:45,33.61
2025-10-03 07:00,33.16
2025-10-03 07:15,32.09
2025-10-03 07:30,32.18
2025-10-03 07:45,36.07
2025-10-03 08:00,37.33
2025-10-03 08:15,36.65
2025-10-03 08:30,36.77
2025-10-03 08:45,36.52
2025-10-03 09:00,37.01
2025-10-03 09:15,37.31
2025-10-03 09:30,38.00
2025-10-03 09:45,37.33
2025-10-03 10:00,36.94
2025-10-03 10:15,37.73
2025-10-03 10:30,38.92
2025-10-03 10:45,39.71
2025-10-03 11:00,37.78
2025-10-03 11:15,38.57
2025-10-03 11:30,37.17
2025-10-03 11:45,37.60
2025-10-03 12:00,36.43
2025-10-03 12:15,36.11
2025-10-03 12:30,36.50
2025-10-03 12:45,35.51
2025-10-03 13:00,34.74
2025-10-03 13:15,35.41
2025-10-03 13:30,35.64
2025-10-03 13:45,36.14
2025-10-03 14:00,33.44
2025-10-03 14:15,34.07
2025-10-03 14:30,35.86
2025-10-03 14:45,38.09
2025-10-03 15:00,37.40
2025-10-03 15:15,36.90
2025-10-03 15:30,36.85
2025-10-03 15:45,35.69
2025-10-03 16:00,36.27
2025-10-03 16:15,37.03
2025-10-03 16:30,37.04
2025-10-03 16:45,36.79
2025-10-03 17:00,34.85
2025-10-03 17:15,35.21
2025-10-03 17:30,34.16
2025-10-03 17:45,33.77
2025-10-03 18:00,33.34
2025-10-03 18:15,32.81
2025-10-03 18:30,32.92
2025-10-03 18:45,33.19
2025-10-03 19:00,33.44
2025-10-03 19:15,29.12
2025-10-03 19:30,29.25
2025-10-03 19:45,29.79
2025-10-03 20:00,29.68
2025-10-03 20:15,29.18
2025-10-03 20:30,29.84
2025-10-03 20:45,30.33
2025-10-03 21:00,29.99
2025-10-03 21:15,29.75
2025-10-03 21:30,29.56
2025-10-03 21:45,30.82
2025-10-03 22:00,30.83
2025-10-03 22:15,29.95
2025-10-03 22:30,30.91
2025-10-03 22:45,31.41
2025-10-03 23:00,30.91
2025-10-03 23:15,30.87
2025-10-03 23:30,31.03
2025-10-03 23:45,31.55
2025-10-04 00:00,31.16
2025-10-04 00:15,31.10
2025-10-04 00:30,30.98
2025-10-04 00:45,31.30
2025-10-04 01:00,30.69
2025-10-04 01:15,31.09
2025-10-04 01:30,31.25
2025-10-04 01:45,31.00
2025-10-04 02:00,31.25
2025-10-04 02:15,30.60
2025-10-04 02:30,31.23
2025-10-04 02:45,30.96
2025-10-04 03:00,30.91
2025-10-04 03:15,30.73
2025-10-04 03:30,31.18
2025-10-04 03:45,30.83
2025-10-04 04:00,30.74
2025-10-04 04:15,31.09
2025-10-04 04:30,30.89
2025-10-04 04:45,31.36
2025-10-04 05:00,30.67
2025-10-04 05:15,31.34
2025-10-04 05:30,30.51
2025-10-04 05:45,31.54
2025-10-04 06:00,30.83
2025-10-04 06:15,31.52
2025-10-04 06:30,31.07
2025-10-04 06:45,31.05
2025-10-04 07:00,30.87
2025-10-04 07:15,31.37
2025-10-04 07:30,30.73
2025-10-04 07:45,30.96
2025-10-04 08:00,31.05
2025-10-04 08:15,30.89
2025-10-04 08:30,34.18
2025-10-04 08:45,38.09
2025-10-04 09:00,37.01
2025-10-04 09:15,36.50
2025-10-04 09:30,35.86
2025-10-04 09:45,35.66
2025-10-04 10:00,36.27
2025-10-04 10:15,36.18
2025-10-04 10:30,36.04
2025-10-04 10:45,34.07
2025-10-04 11:00,34.92
2025-10-04 11:15,35.01
2025-10-04 11:30,35.78
2025-10-04 11:45,35.62
2025-10-04 12:00,36.13
2025-10-04 12:15,35.50
2025-10-04 12:30,35.30
2025-10-04 12:45,33.77
2025-10-04 13:00,33.46
2025-10-04 13:15,33.77
2025-10-04 13:30,33.97
2025-10-04 13:45,33.03
2025-10-04 14:00,34.29
2025-10-04 14:15,34.11
2025-10-04 14:30,34.45
2025-10-04 14:45,35.01
2025-10-04 15:00,34.06
2025-10-04 15:15,33.88
2025-10-04 15:30,34.15
2025-10-04 15:45,33.43
2025-10-04 16:00,33.84
2025-10-04 16:15,33.70
2025-10-04 16:30,34.11
2025-10-04 16:45,33.91
2025-10-04 17:00,33.52
2025-10-04 17:15,34.36
2025-10-04 17:30,34.51
2025-10-04 17:45,33.89
2025-10-04 18:00,30.46
2025-10-04 18:15,19.69
2025-10-04 18:30,16.04
2025-10-04 18:45,16.09
2025-10-04 19:00,16.81
2025-10-04 19:15,16.07
2025-10-04 19:30,16.18
2025-10-04 19:45,16.74
2025-10-04 20:00,17.37
2025-10-04 20:15,16.85
2025-10-04 20:30,17.50
2025-10-04 20:45,17.39
2025-10-04 21:00,17.37
2025-10-04 21:15,17.42
2025-10-04 21:30,17.55
2025-10-04 21:45,17.51
2025-10-04 22:00,17.50
2025-10-04 22:15,18.18
2025-10-04 22:30,17.44
2025-10-04 22:45,17.50
2025-10-04 23:00,17.50
2025-10-04 23:15,17.50
2025-10-04 23:30,17.59
2025-10-04 23:45,17.53
2025-10-05 00:00,17.66
2025-10-05 00:15,17.53
2025-10-05 00:30,18.63
2025-10-05 00:45,17.69
2025-10-05 01:00,17.66
2025-10-05 01:15,18.25
2025-10-05 01:30,18.68
2025-10-05 01:45,18.36
2025-10-05 02:00,17.84
2025-10-05 02:15,17.87
2025-10-05 02:30,18.70
2025-10-05 02:45,17.82
2025-10-05 03:00,17.87
2025-10-05 03:15,18.74
2025-10-05 03:30,18.14
2025-10-05 03:45,18.76
2025-10-05 04:00,17.77
2025-10-05 04:15,18.47
2025-10-05 04:30,18.88
2025-10-05 04:45,18.23
2025-10-05 05:00,17.93
2025-10-05 05:15,18.94
2025-10-05 05:30,18.77
2025-10-05 05:45,18.18
2025-10-05 06:00,18.70
2025-10-05 06:15,18.22
2025-10-05 06:30,17.86
2025-10-05 06:45,18.76
2025-10-05 07:00,18.88
2025-10-05 07:15,17.86
2025-10-05 07:30,18.50
2025-10-05 07:45,18.92
2025-10-05 08:00,18.77
2025-10-05 08:15,18.23
2025-10-05 08:30,18.72
2025-10-05 08:45,18.34
2025-10-05 09:00,17.75
2025-10-05 09:15,18.76
2025-10-05 09:30,18.29
2025-10-05 09:45,17.48
2025-10-05 10:00,18.31
2025-10-05 10:15,18.23
2025-10-05 10:30,18.54
2025-10-05 10:45,17.42
2025-10-05 11:00,17.37
2025-10-05 11:15,18.14
2025-10-05 11:30,17.84
2025-10-05 11:45,17.48
2025-10-05 12:00,17.46
2025-10-05 12:15,17.59
2025-10-05 12:30,18.76
2025-10-05 12:45,18.00
2025-10-05 13:00,17.77
2025-10-05 13:15,17.37
2025-10-05 13:30,17.51
2025-10-05 13:45,17.44
2025-10-05 14:00,17.53
2025-10-05 14:15,17.44
2025-10-05 14:30,18.77
2025-10-05 14:45,20.00
2025-10-05 15:00,19.39
2025-10-05 15:15,19.39
2025-10-05 15:30,19.46
2025-10-05 15:45,19.46
2025-10-05 16:00,19.42
2025-10-05 16:15,19.44
2025-10-05 16:30,19.46
2025-10-05 16:45,20.54
2025-10-05 17:00,20.30
2025-10-05 17:15,20.36
2025-10-05 17:30,19.98
2025-10-05 17:45,19.84
2025-10-05 18:00,19.85
2025-10-05 18:15,20.00
2025-10-05 18:30,18.67
2025-10-05 18:45,17.78
2025-10-05 19:00,14.72
2025-10-05 19:15,13.39
2025-10-05 19:30,14.08
2025-10-05 19:45,13.73
2025-10-05 20:00,12.94
2025-10-05 20:15,14.20
2025-10-05 20:30,13.54
2025-10-05 20:45,13.10
2025-10-05 21:00,13.57
2025-10-05 21:15,13.43
2025-10-05 21:30,14.24
2025-10-05 21:45,13.00
2025-10-05 22:00,13.59
2025-10-05 22:15,14.29
2025-10-05 22:30,13.10
2025-10-05 22:45,13.50
2025-10-05 23:00,13.28
2025-10-05 23:15,14.35
2025-10-05 23:30,13.77
2025-10-05 23:45,13.10
2025-10-06 00:00,14.26
2025-10-06 00:15,13.91
2025-10-06 00:30,13.01
2025-10-06 00:45,13.61
2025-10-06 01:00,13.91
2025-10-06 01:15,14.24
2025-10-06 01:30,13.30
2025-10-06 01:45,13.91
2025-10-06 02:00,14.24
2025-10-06 02:15,13.75
2025-10-06 02:30,13.21
2025-10-06 02:45,13.43
2025-10-06 03:00,14.24
2025-10-06 03:15,14.27
2025-10-06 03:30,13.34
2025-10-06 03:45,13.91
2025-10-06 04:00,14.36
2025-10-06 04:15,13.91
2025-10-06 04:30,13.19
2025-10-06 04:45,13.57
2025-10-06 05:00,14.13
2025-10-06 05:15,14.26
2025-10-06 05:30,13.43
2025-10-06 05:45,13.95
2025-10-06 06:00,14.26
2025-10-06 06:15,14.09
2025-10-06 06:30,13.07
2025-10-06 06:45,13.64
2025-10-06 07:00,14.17
2025-10-06 07:15,14.29
2025-10-06 07:30,13.81
2025-10-06 07:45,13.45
2025-10-06 08:00,14.27
2025-10-06 08:15,14.27
2025-10-06 08:30,13.10
2025-10-06 08:45,13.73
2025-10-06 09:00,13.55
2025-10-06 09:15,14.31
2025-10-06 09:30,13.32
2025-10-06 09:45,13.61
2025-10-06 10:00,14.24
2025-10-06 10:15,13.39
2025-10-06 10:30,13.27
2025-10-06 10:45,13.30
2025-10-06 11:00,14.06
2025-10-06 11:15,13.93
2025-10-06 11:30,13.07
2025-10-06 11:45,14.15
2025-10-06 12:00,13.99
2025-10-06 12:15,13.12
2025-10-06 12:30,13.66
2025-10-06 12:45,13.59
2025-10-06 13:00,14.31
2025-10-06 13:15,13.37
2025-10-06 13:30,13.70
2025-10-06 13:45,14.33
2025-10-06 14:00,13.61
2025-10-06 14:15,13.37
2025-10-06 14:30,13.32
2025-10-06 14:45,14.38
2025-10-06 15:00,13.95
2025-10-06 15:15,13.16
2025-10-06 15:30,14.33
2025-10-06 15:45,14.00
2025-10-06 16:00,13.01
2025-10-06 16:15,13.72
2025-10-06 16:30,13.93
2025-10-06 16:45,14.35
2025-10-06 17:00,13.50
2025-10-06 17:15,13.84
2025-10-06 17:30,14.38
2025-10-06 17:45,14.29
2025-10-06 18:00,13.37
2025-10-06 18:15,13.81
2025-10-06 18:30,13.68
2025-10-06 18:45,14.29
2025-10-06 19:00,14.31
2025-10-06 19:15,14.26
2025-10-06 19:30,13.54
2025-10-06 19:45,13.91
2025-10-06 20:00,14.47
2025-10-06 20:15,14.31
2025-10-06 20:30,14.36
2025-10-06 20:45,14.29
2025-10-06 21:00,14.33
2025-10-06 21:15,14.33
2025-10-06 21:30,14.35
2025-10-06 21:45,14.31
2025-10-06 22:00,14.36
2025-10-06 22:15,14.35
2025-10-06 22:30,14.47
2025-10-06 22:45,14.42
2025-10-06 23:00,14.38
2025-10-06 23:15,14.35
2025-10-06 23:30,14.49
2025-10-06 23:45,14.42
2025-10-07 00:00,14.36
2025-10-07 00:15,14.54
2025-10-07 00:30,14.40
2025-10-07 00:45,14.40
2025-10-07 01:00,14.47
2025-10-07 01:15,14.42
2025-10-07 01:30,14.44
2025-10-07 01:45,14.38
2025-10-07 02:00,14.45
2025-10-07 02:15,14.38
2025-10-07 02:30,14.40
2025-10-07 02:45,14.42
2025-10-07 03:00,14.42
2025-10-07 03:15,14.51
2025-10-07 03:30,14.42
2025-10-07 03:45,14.49
2025-10-07 04:00,14.42
2025-10-07 04:15,14.42
2025-10-07 04:30,14.40
2025-10-07 04:45,14.42
2025-10-07 05:00,14.40
2025-10-07 05:15,14.51
2025-10-07 05:30,14.45
2025-10-07 05:45,14.45
2025-10-07 06:00,14.44
2025-10-07 06:15,14.53
2025-10-07 06:30,14.42
2025-10-07 06:45,14.47
2025-10-07 07:00,14.44
2025-10-07 07:15,14.45
2025-10-07 07:30,14.51
2025-10-07 07:45,14.44
2025-10-07 08:00,14.42
2025-10-07 08:15,14.44
2025-10-07 08:30,14.38
2025-10-07 08:45,14.40
2025-10-07 09:00,14.47
2025-10-07 09:15,14.38
2025-10-07 09:30,14.38
2025-10-07 09:45,14.36
2025-10-07 10:00,14.47
2025-10-07 10:15,14.33
2025-10-07 10:30,14.29
2025-10-07 10:45,13.93
2025-10-07 11:00,13.63
2025-10-07 11:15,13.46
2025-10-07 11:30,14.40
2025-10-07 11:45,14.17
2025-10-07 12:00,13.12
2025-10-07 12:15,14.11
2025-10-07 12:30,14.29
2025-10-07 12:45,13.23
2025-10-07 13:00,13.41
2025-10-07 13:15,13.10
2025-10-07 13:30,14.11
2025-10-07 13:45,13.61
2025-10-07 14:00,12.92
2025-10-07 14:15,14.15
2025-10-07 14:30,13.54
2025-10-07 14:45,12.91
2025-10-07 15:00,13.57
2025-10-07 15:15,13.05
2025-10-07 15:30,14.17
2025-10-07 15:45,13.34
2025-10-07 16:00,13.14
2025-10-07 16:15,14.18
2025-10-07 16:30,13.59
2025-10-07 16:45,13.10
2025-10-07 17:00,13.57
2025-10-07 17:15,13.52
2025-10-07 17:30,14.20
2025-10-07 17:45,12.94
2025-10-07 18:00,13.84
2025-10-07 18:15,14.22
2025-10-07 18:30,13.12
2025-10-07 18:45,13.63
2025-10-07 19:00,13.30
2025-10-07 19:15,14.33
2025-10-07 19:30,13.64
2025-10-07 19:45,13.39
2025-10-07 20:00,14.24
2025-10-07 20:15,14.36
2025-10-07 20:30,13.01
2025-10-07 20:45,13.66
2025-10-07 21:00,13.55
2025-10-07 21:15,14.33
2025-10-07 21:30,13.68
2025-10-07 21:45,13.54
2025-10-07 22:00,14.36
2025-10-07 22:15,14.26
2025-10-07 22:30,13.21
2025-10-07 22:45,13.68
2025-10-07 23:00,13.63
2025-10-07 23:15,14.29
2025-10-07 23:30,14.17
2025-10-07 23:45,13.03
2025-10-08 00:00,14.29
2025-10-08 00:15,14.31
2025-10-08 00:30,14.26
2025-10-08 00:45,13.55
2025-10-08 01:00,13.72
2025-10-08 01:15,13.50
2025-10-08 01:30,14.38
2025-10-08 01:45,14.31
2025-10-08 02:00,13.66
2025-10-08 02:15,13.84
2025-10-08 02:30,14.31
2025-10-08 02:45,14.33
2025-10-08 03:00,14.24
2025-10-08 03:15,13.16
2025-10-08 03:30,13.75
2025-10-08 03:45,14.11
2025-10-08 04:00,14.35
2025-10-08 04:15,14.33
2025-10-08 04:30,13.36
2025-10-08 04:45,14.13
2025-10-08 05:00,14.35
2025-10-08 05:15,14.31
2025-10-08 05:30,14.33
2025-10-08 05:45,14.38
2025-10-08 06:00,14.31
2025-10-08 06:15,14.38
2025-10-08 06:30,14.29
2025-10-08 06:45,14.33
2025-10-08 07:00,13.81
2025-10-08 07:15,13.57
2025-10-08 07:30,13.57
2025-10-08 07:45,14.31
2025-10-08 08:00,14.36
2025-10-08 08:15,14.35
2025-10-08 08:30,14.31
2025-10-08 08:45,13.14
2025-10-08 09:00,14.17
2025-10-08 09:15,14.24
2025-10-08 09:30,14.29
2025-10-08 09:45,14.00
2025-10-08 10:00,13.01
2025-10-08 10:15,13.66
2025-10-08 10:30,14.08
2025-10-08 10:45,14.27
2025-10-08 11:00,12.96
2025-10-08 11:15,13.72
2025-10-08 11:30,14.18
2025-10-08 11:45,12.98
2025-10-08 12:00,12.94
2025-10-08 12:15,13.39
2025-10-08 12:30,12.69
2025-10-08 12:45,13.07
2025-10-08 13:00,13.77
2025-10-08 13:15,12.96
2025-10-08 13:30,12.91
2025-10-08 13:45,12.89
2025-10-08 14:00,12.65
2025-10-08 14:15,12.60
2025-10-08 14:30,12.85
2025-10-08 14:45,12.92
2025-10-08 15:00,12.87
2025-10-08 15:15,12.76
2025-10-08 15:30,12.65
2025-10-08 15:45,12.80
2025-10-08 16:00,12.94
2025-10-08 16:15,13.05
2025-10-08 16:30,13.05
2025-10-08 16:45,12.87
2025-10-08 17:00,12.56
2025-10-08 17:15,12.73
2025-10-08 17:30,12.94
2025-10-08 17:45,12.91
2025-10-08 18:00,12.92
2025-10-08 18:15,12.94
2025-10-08 18:30,13.81
2025-10-08 18:45,13.45
2025-10-08 19:00,12.87
2025-10-08 19:15,12.89
2025-10-08 19:30,13.41
2025-10-08 19:45,12.91
2025-10-08 20:00,14.06
2025-10-08 20:15,13.12
2025-10-08 20:30,12.92
2025-10-08 20:45,14.08
2025-10-08 21:00,13.68
2025-10-08 21:15,12.92
2025-10-08 21:30,13.50
2025-10-08 21:45,13.30
2025-10-08 22:00,14.33
2025-10-08 22:15,13.25
2025-10-08 22:30,13.52
2025-10-08 22:45,14.24
2025-10-08 23:00,13.73
2025-10-08 23:15,13.05
2025-10-08 23:30,13.66
2025-10-08 23:45,14.11
2025-10-09 00:00,14.27
2025-10-09 00:15,13.79
2025-10-09 00:30,13.48
2025-10-09 00:45,14.31
2025-10-09 01:00,14.29
2025-10-09 01:15,14.31
2025-10-09 01:30,13.14
2025-10-09 01:45,13.75
2025-10-09 02:00,13.97
2025-10-09 02:15,14.47
2025-10-09 02:30,14.35
2025-10-09 02:45,14.47
2025-10-09 03:00,13.41
2025-10-09 03:15,14.20
2025-10-09 03:30,14.38
2025-10-09 03:45,14.38
2025-10-09 04:00,14.36
2025-10-09 04:15,14.38
2025-10-09 04:30,14.38
2025-10-09 04:45,14.47
2025-10-09 05:00,14.38
2025-10-09 05:15,14.36
2025-10-09 05:30,14.38
2025-10-09 05:45,14.36
2025-10-09 06:00,14.44
2025-10-09 06:15,14.33
2025-10-09 06:30,14.38
2025-10-09 06:45,14.33
2025-10-09 07:00,14.35
2025-10-09 07:15,14.40
2025-10-09 07:30,14.36
2025-10-09 07:45,14.31
2025-10-09 08:00,14.33
2025-10-09 08:15,14.02
2025-10-09 08:30,13.19
2025-10-09 08:45,13.39
2025-10-09 09:00,14.13
2025-10-09 09:15,14.18
2025-10-09 09:30,13.10
2025-10-09 09:45,13.72
2025-10-09 10:00,14.06
2025-10-09 10:15,12.87
2025-10-09 10:30,12.98
2025-10-09 10:45,13.68
2025-10-09 11:00,13.21
2025-10-09 11:15,14.17
2025-10-09 11:30,13.05
2025-10-09 11:45,12.83
2025-10-09 12:00,12.85
2025-10-09 12:15,12.82
2025-10-09 12:30,13.14
2025-10-09 12:45,13.03
2025-10-09 13:00,13.00
2025-10-09 13:15,13.14
2025-10-09 13:30,12.98
2025-10-09 13:45,13.00
2025-10-09 14:00,13.30
2025-10-09 14:15,13.88
2025-10-09 14:30,12.80
2025-10-09 14:45,14.45
2025-10-09 15:00,14.92
2025-10-09 15:15,14.87
2025-10-09 15:30,14.99
2025-10-09 15:45,15.01
2025-10-09 16:00,15.01
2025-10-09 16:15,15.01
2025-10-09 16:30,14.08
2025-10-09 16:45,13.07
2025-10-09 17:00,13.46
2025-10-09 17:15,14.08
2025-10-09 17:30,13.18
2025-10-09 17:45,13.46
2025-10-09 18:00,14.40
2025-10-09 18:15,13.12
2025-10-09 18:30,13.45
2025-10-09 18:45,13.43
2025-10-09 19:00,14.24
2025-10-09 19:15,14.17
2025-10-09 19:30,13.18
2025-10-09 19:45,14.33
2025-10-09 20:00,14.49
2025-10-09 20:15,13.46
2025-10-09 20:30,13.81
2025-10-09 20:45,13.57
2025-10-09 21:00,14.58
2025-10-09 21:15,14.45
2025-10-09 21:30,13.50
2025-10-09 21:45,14.18
2025-10-09 22:00,14.51
2025-10-09 22:15,14.49
2025-10-09 22:30,14.53
2025-10-09 22:45,14.45
2025-10-09 23:00,14.42
2025-10-09 23:15,14.15
2025-10-09 23:30,13.63
2025-10-09 23:45,13.77
2025-10-10 00:00,14.65
2025-10-10 00:15,14.49
2025-10-10 00:30,14.51
2025-10-10 00:45,14.45
2025-10-10 01:00,14.45
2025-10-10 01:15,14.47
2025-10-10 01:30,14.38
2025-10-10 01:45,14.53
2025-10-10 02:00,14.40
2025-10-10 02:15,14.45
2025-10-10 02:30,14.40
2025-10-10 02:45,14.42
2025-10-10 03:00,14.42
2025-10-10 03:15,14.54
2025-10-10 03:30,14.49
2025-10-10 03:45,14.54
2025-10-10 04:00,14.60
2025-10-10 04:15,14.56
2025-10-10 04:30,14.51
2025-10-10 04:45,14.44
2025-10-10 05:00,14.40
2025-10-10 05:15,14.44
2025-10-10 05:30,14.42
2025-10-10 05:45,14.40
2025-10-10 06:00,14.44
2025-10-10 06:15,14.44
2025-10-10 06:30,14.69
2025-10-10 06:45,14.56
2025-10-10 07:00,14.58
2025-10-10 07:15,14.47
2025-10-10 07:30,14.47
2025-10-10 07:45,14.40
2025-10-10 08:00,14.44
2025-10-10 08:15,14.40
2025-10-10 08:30,14.40
2025-10-10 08:45,14.35
2025-10-10 09:00,14.49
2025-10-10 09:15,14.42
2025-10-10 09:30,14.36
2025-10-10 09:45,14.47
2025-10-10 10:00,14.47
2025-10-10 10:15,14.53
2025-10-10 10:30,14.40
2025-10-10 10:45,14.35
2025-10-10 11:00,14.44
2025-10-10 11:15,14.40
2025-10-10 11:30,13.41
2025-10-10 11:45,13.88
2025-10-10 12:00,14.26
2025-10-10 12:15,13.64
2025-10-10 12:30,13.05
2025-10-10 12:45,13.52
2025-10-10 13:00,13.28
2025-10-10 13:15,14.00
2025-10-10 13:30,12.83
2025-10-10 13:45,12.91
2025-10-10 14:00,13.84
2025-10-10 14:15,13.64
2025-10-10 14:30,12.96
2025-10-10 14:45,13.07
2025-10-10 15:00,13.54
2025-10-10 15:15,13.50
2025-10-10 15:30,13.91
2025-10-10 15:45,12.98
2025-10-10 16:00,13.01
2025-10-10 16:15,14.26
2025-10-10 16:30,13.30
2025-10-10 16:45,13.07
2025-10-10 17:00,13.39
2025-10-10 17:15,12.98
2025-10-10 17:30,14.02
2025-10-10 17:45,13.39
2025-10-10 18:00,12.98
2025-10-10 18:15,14.13
2025-10-10 18:30,13.72
2025-10-10 18:45,13.01
2025-10-10 19:00,13.57
2025-10-10 19:15,13.72
2025-10-10 19:30,14.29
2025-10-10 19:45,13.21
2025-10-10 20:00,13.66
2025-10-10 20:15,14.35
2025-10-10 20:30,13.59
2025-10-10 20:45,13.59
2025-10-10 21:00,13.39
2025-10-10 21:15,14.36
2025-10-10 21:30,14.35
2025-10-10 21:45,13.14
2025-10-10 22:00,14.31
2025-10-10 22:15,14.29
2025-10-10 22:30,14.35
2025-10-10 22:45,13.46
2025-10-10 23:00,13.73
2025-10-10 23:15,13.66
2025-10-10 23:30,14.47
2025-10-10 23:45,14.35
2025-10-11 00:00,14.38
2025-10-11 00:15,14.36
2025-10-11 00:30,13.84
2025-10-11 00:45,13.90
2025-10-11 01:00,14.38
2025-10-11 01:15,14.42
2025-10-11 01:30,14.45
2025-10-11 01:45,14.42
2025-10-11 02:00,14.33
2025-10-11 02:15,14.33
2025-10-11 02:30,14.38
2025-10-11 02:45,14.33
2025-10-11 03:00,14.40
2025-10-11 03:15,14.35
2025-10-11 03:30,14.33
2025-10-11 03:45,14.36
2025-10-11 04:00,14.35
2025-10-11 04:15,14.35
2025-10-11 04:30,14.36
2025-10-11 04:45,14.33
2025-10-11 05:00,14.38
2025-10-11 05:15,14.33
2025-10-11 05:30,14.31
2025-10-11 05:45,14.44
2025-10-11 06:00,14.35
2025-10-11 06:15,14.35
2025-10-11 06:30,14.29
2025-10-11 06:45,14.35
2025-10-11 07:00,14.44
2025-10-11 07:15,14.29
2025-10-11 07:30,14.29
2025-10-11 07:45,14.33
2025-10-11 08:00,14.24
2025-10-11 08:15,14.40
2025-10-11 08:30,14.29
2025-10-11 08:45,14.27
2025-10-11 09:00,13.61
2025-10-11 09:15,13.16
2025-10-11 09:30,13.36
2025-10-11 09:45,14.00
2025-10-11 10:00,13.72
2025-10-11 10:15,12.89
2025-10-11 10:30,12.85
2025-10-11 10:45,14.04
2025-10-11 11:00,12.94
2025-10-11 11:15,12.49
2025-10-11 11:30,12.94
2025-10-11 11:45,12.55
2025-10-11 12:00,12.92
2025-10-11 12:15,12.92
2025-10-11 12:30,12.55
2025-10-11 12:45,12.44
2025-10-11 13:00,12.96
2025-10-11 13:15,12.49
2025-10-11 13:30,12.64
2025-10-11 13:45,12.53
2025-10-11 14:00,12.55
2025-10-11 14:15,12.51
2025-10-11 14:30,12.96
2025-10-11 14:45,12.53
2025-10-11 15:00,12.55
2025-10-11 15:15,12.51
2025-10-11 15:30,13.01
2025-10-11 15:45,12.55
2025-10-11 16:00,12.69
2025-10-11 16:15,13.09
2025-10-11 16:30,12.49
2025-10-11 16:45,12.94
2025-10-11 17:00,12.47
2025-10-11 17:15,12.98
2025-10-11 17:30,12.74
2025-10-11 17:45,12.67
2025-10-11 18:00,12.98
2025-10-11 18:15,12.94
2025-10-11 18:30,13.01
2025-10-11 18:45,12.85
2025-10-11 19:00,12.74
2025-10-11 19:15,12.73
2025-10-11 19:30,12.98
2025-10-11 19:45,13.00
2025-10-11 20:00,13.00
2025-10-11 20:15,13.00
2025-10-11 20:30,13.00
2025-10-11 20:45,12.87
2025-10-11 21:00,12.80
2025-10-11 21:15,12.96
2025-10-11 21:30,12.96
2025-10-11 21:45,13.03
2025-10-11 22:00,13.57
2025-10-11 22:15,12.98
2025-10-11 22:30,13.00
2025-10-11 22:45,12.82
2025-10-11 23:00,13.93
2025-10-11 23:15,12.89
2025-10-11 23:30,13.00
2025-10-11 23:45,13.05
2025-10-12 00:00,13.66
2025-10-12 00:15,13.64
2025-10-12 00:30,12.82
2025-10-12 00:45,12.71
2025-10-12 01:00,12.80
2025-10-12 01:15,13.63
2025-10-12 01:30,12.94
2025-10-12 01:45,13.37
2025-10-12 02:00,13.81
2025-10-12 02:15,12.98
2025-10-12 02:30,12.92
2025-10-12 02:45,13.46
2025-10-12 03:00,13.50
2025-10-12 03:15,12.92
2025-10-12 03:30,12.98
2025-10-12 03:45,13.48
2025-10-12 04:00,12.96
2025-10-12 04:15,14.17
2025-10-12 04:30,12.92
2025-10-12 04:45,12.85
2025-10-12 05:00,13.86
2025-10-12 05:15,13.73
2025-10-12 05:30,12.91
2025-10-12 05:45,13.45
2025-10-12 06:00,13.05
2025-10-12 06:15,14.02
2025-10-12 06:30,13.70
2025-10-12 06:45,12.98
2025-10-12 07:00,14.15
2025-10-12 07:15,13.97
2025-10-12 07:30,13.01
2025-10-12 07:45,13.72
2025-10-12 08:00,13.59
2025-10-12 08:15,14.27
2025-10-12 08:30,13.36
2025-10-12 08:45,13.32
2025-10-12 09:00,14.24
2025-10-12 09:15,13.37
2025-10-12 09:30,13.01
2025-10-12 09:45,13.48
2025-10-12 10:00,13.19
2025-10-12 10:15,13.72
2025-10-12 10:30,12.85
2025-10-12 10:45,12.85
2025-10-12 11:00,13.81
2025-10-12 11:15,13.43
2025-10-12 11:30,12.92
2025-10-12 11:45,12.96
2025-10-12 12:00,12.98
2025-10-12 12:15,13.54
2025-10-12 12:30,12.98
2025-10-12 12:45,13.55
2025-10-12 13:00,13.72
2025-10-12 13:15,12.87
2025-10-12 13:30,12.87
2025-10-12 13:45,14.04
2025-10-12 14:00,13.16
2025-10-12 14:15,12.94
2025-10-12 14:30,12.89
2025-10-12 14:45,13.55
2025-10-12 15:00,13.00
2025-10-12 15:15,13.90
2025-10-12 15:30,13.41
2025-10-12 15:45,13.09
2025-10-12 16:00,13.10
2025-10-12 16:15,13.97
2025-10-12 16:30,13.36
2025-10-12 16:45,13.39
2025-10-12 17:00,14.85
2025-10-12 17:15,15.43
2025-10-12 17:30,14.94
2025-10-12 17:45,15.98
2025-10-12 18:00,15.23
2025-10-12 18:15,14.29
2025-10-12 18:30,14.24
2025-10-12 18:45,13.88
2025-10-12 19:00,13.03
2025-10-12 19:15,13.68
2025-10-12 19:30,13.84
2025-10-12 19:45,14.35
2025-10-12 20:00,13.52
2025-10-12 20:15,13.79
2025-10-12 20:30,14.35
2025-10-12 20:45,14.31
2025-10-12 21:00,13.66
2025-10-12 21:15,13.64
2025-10-12 21:30,13.50
2025-10-12 21:45,14.44
2025-10-12 22:00,14.35
2025-10-12 22:15,14.45
2025-10-12 22:30,14.36
2025-10-12 22:45,13.34
2025-10-12 23:00,14.31
2025-10-12 23:15,14.38
2025-10-12 23:30,14.42
2025-10-12 23:45,14.44
2025-10-13 00:00,14.35
2025-10-13 00:15,14.38
2025-10-13 00:30,14.35
2025-10-13 00:45,14.38
2025-10-13 01:00,14.38
2025-10-13 01:15,14.38
2025-10-13 01:30,14.40
2025-10-13 01:45,14.36
2025-10-13 02:00,14.42
2025-10-13 02:15,14.44
2025-10-13 02:30,14.60
2025-10-13 02:45,14.42
2025-10-13 03:00,14.44
2025-10-13 03:15,14.36
2025-10-13 03:30,14.40
2025-10-13 03:45,14.40
2025-10-13 04:00,14.40
2025-10-13 04:15,14.44
2025-10-13 04:30,14.42
2025-10-13 04:45,14.36
2025-10-13 05:00,14.47
2025-10-13 05:15,14.35
2025-10-13 05:30,14.35
2025-10-13 05:45,14.36
2025-10-13 06:00,14.38
2025-10-13 06:15,14.40
2025-10-13 06:30,14.47
2025-10-13 06:45,14.42
2025-10-13 07:00,14.47
2025-10-13 07:15,14.44
2025-10-13 07:30,14.58
2025-10-13 07:45,14.42
2025-10-13 08:00,29.50
2025-10-13 08:15,31.88
2025-10-13 08:30,31.41
2025-10-13 08:45,32.58
2025-10-13 09:00,32.76
2025-10-13 09:15,33.89
2025-10-13 09:30,34.16
2025-10-13 09:45,33.86
2025-10-13 10:00,34.49
2025-10-13 10:15,34.18
2025-10-13 10:30,34.85
2025-10-13 10:45,32.96
2025-10-13 11:00,32.44
2025-10-13 11:15,33.44
2025-10-13 11:30,33.35
2025-10-13 11:45,32.76
2025-10-13 12:00,31.84
2025-10-13 12:15,32.83
2025-10-13 12:30,32.63
2025-10-13 12:45,32.13
2025-10-13 13:00,32.09
2025-10-13 13:15,32.00
2025-10-13 13:30,33.34
2025-10-13 13:45,33.55
2025-10-13 14:00,34.69
2025-10-13 14:15,34.43
2025-10-13 14:30,33.68
2025-10-13 14:45,34.06
2025-10-13 15:00,34.40
2025-10-13 15:15,34.97
2025-10-13 15:30,34.40
2025-10-13 15:45,33.82
2025-10-13 16:00,33.86
2025-10-13 16:15,32.76
2025-10-13 16:30,34.40
2025-10-13 16:45,33.98
2025-10-13 17:00,33.08
2025-10-13 17:15,31.00
2025-10-13 17:30,31.91
2025-10-13 17:45,30.98
2025-10-13 18:00,28.96
2025-10-13 18:15,26.93
2025-10-13 18:30,26.03
2025-10-13 18:45,26.06
2025-10-13 19:00,26.39
2025-10-13 19:15,26.26
2025-10-13 19:30,26.30
2025-10-13 19:45,26.86
2025-10-13 20:00,26.73
2025-10-13 20:15,26.87
2025-10-13 20:30,27.34
2025-10-13 20:45,27.36
2025-10-13 21:00,26.69
2025-10-13 21:15,26.75
2025-10-13 21:30,27.54
2025-10-13 21:45,27.54
2025-10-13 22:00,27.23
2025-10-13 22:15,27.20
2025-10-13 22:30,27.65
2025-10-13 22:45,27.65
2025-10-13 23:00,27.40
2025-10-13 23:15,27.22
2025-10-13 23:30,27.65
2025-10-13 23:45,27.83
2025-10-14 00:00,27.59
2025-10-14 00:15,27.41
2025-10-14 00:30,27.70
2025-10-14 00:45,27.99
2025-10-14 01:00,27.25
2025-10-14 01:15,26.95
2025-10-14 01:30,25.65
2025-10-14 01:45,25.79
2025-10-14 02:00,25.90
2025-10-14 02:15,25.72
2025-10-14 02:30,25.81
2025-10-14 02:45,25.94
2025-10-14 03:00,26.48
2025-10-14 03:15,25.69
2025-10-14 03:30,25.94
2025-10-14 03:45,25.96
2025-10-14 04:00,26.05
2025-10-14 04:15,26.05
2025-10-14 04:30,26.06
2025-10-14 04:45,25.96
2025-10-14 05:00,25.79
2025-10-14 05:15,25.99
2025-10-14 05:30,26.21
2025-10-14 05:45,26.30
2025-10-14 06:00,25.78
2025-10-14 06:15,25.96
2025-10-14 06:30,26.24
2025-10-14 06:45,26.41
2025-10-14 07:00,26.24
2025-10-14 07:15,26.15
2025-10-14 07:30,26.48
2025-10-14 07:45,27.04
2025-10-14 08:00,28.03
2025-10-14 08:15,32.45
2025-10-14 08:30,35.57
2025-10-14 08:45,33.64
2025-10-14 09:00,32.72
2025-10-14 09:15,32.36
2025-10-14 09:30,32.47
2025-10-14 09:45,33.16
2025-10-14 10:00,33.53
2025-10-14 10:15,34.06
2025-10-14 10:30,34.20
2025-10-14 10:45,33.46
2025-10-14 11:00,32.49
2025-10-14 11:15,32.85
2025-10-14 11:30,32.40
2025-10-14 11:45,33.34
2025-10-14 12:00,32.54
2025-10-14 12:15,32.40
2025-10-14 12:30,32.69
2025-10-14 12:45,32.18
2025-10-14 13:00,31.30
2025-10-14 13:15,31.90
2025-10-14 13:30,30.83
2025-10-14 13:45,33.55
2025-10-14 14:00,33.28
2025-10-14 14:15,32.81
2025-10-14 14:30,34.18
2025-10-14 14:45,32.92
2025-10-14 15:00,32.22
2025-10-14 15:15,31.55
2025-10-14 15:30,33.10
2025-10-14 15:45,32.13
2025-10-14 16:00,31.86
2025-10-14 16:15,31.36
2025-10-14 16:30,31.34
2025-10-14 16:45,31.34
2025-10-14 17:00,31.45
2025-10-14 17:15,32.18
2025-10-14 17:30,31.73
2025-10-14 17:45,32.38
2025-10-14 18:00,31.30
2025-10-14 18:15,31.82
2025-10-14 18:30,31.81
2025-10-14 18:45,30.96
2025-10-14 19:00,31.00
2025-10-14 19:15,30.89
2025-10-14 19:30,31.54
2025-10-14 19:45,31.19
2025-10-14 20:00,31.18
2025-10-14 20:15,31.41
2025-10-14 20:30,31.79
2025-10-14 20:45,30.44
2025-10-14 21:00,31.41
2025-10-14 21:15,29.92
2025-10-14 21:30,28.60
2025-10-14 21:45,29.95
2025-10-14 22:00,27.95
2025-10-14 22:15,27.13
2025-10-14 22:30,28.64
2025-10-14 22:45,27.45
2025-10-14 23:00,27.13
2025-10-14 23:15,28.22
2025-10-14 23:30,27.49
2025-10-14 23:45,27.05
2025-10-15 00:00,28.30
2025-10-15 00:15,27.61
2025-10-15 00:30,26.91
2025-10-15 00:45,28.28
2025-10-15 01:00,27.74
2025-10-15 01:15,27.40
2025-10-15 01:30,28.44
2025-10-15 01:45,27.81
2025-10-15 02:00,27.04
2025-10-15 02:15,29.05
2025-10-15 02:30,27.47
2025-10-15 02:45,27.52
2025-10-15 03:00,28.78
2025-10-15 03:15,27.56
2025-10-15 03:30,27.70
2025-10-15 03:45,28.53
2025-10-15 04:00,27.49
2025-10-15 04:15,28.17
2025-10-15 04:30,28.66
2025-10-15 04:45,27.22
2025-10-15 05:00,28.26
2025-10-15 05:15,28.39
2025-10-15 05:30,27.11
2025-10-15 05:45,28.85
2025-10-15 06:00,28.21
2025-10-15 06:15,27.45
2025-10-15 06:30,29.16
2025-10-15 06:45,27.86
2025-10-15 07:00,27.58
2025-10-15 07:15,28.98
2025-10-15 07:30,28.22
2025-10-15 07:45,28.76
2025-10-15 08:00,30.46
2025-10-15 08:15,32.02
2025-10-15 08:30,35.50
2025-10-15 08:45,35.82
2025-10-15 09:00,32.67
2025-10-15 09:15,33.61
2025-10-15 09:30,32.27
2025-10-15 09:45,32.83
2025-10-15 10:00,32.47
2025-10-15 10:15,32.20
2025-10-15 10:30,32.89
2025-10-15 10:45,33.10
2025-10-15 11:00,32.80
2025-10-15 11:15,32.81
2025-10-15 11:30,32.69
2025-10-15 11:45,32.69
2025-10-15 12:00,33.52
2025-10-15 12:15,32.63
2025-10-15 12:30,33.62
2025-10-15 12:45,33.55
2025-10-15 13:00,33.70
2025-10-15 13:15,33.79
2025-10-15 13:30,33.55
2025-10-15 13:45,32.13
2025-10-15 14:00,33.03
2025-10-15 14:15,35.84
2025-10-15 14:30,34.02
2025-10-15 14:45,34.65
2025-10-15 15:00,34.90
2025-10-15 15:15,34.61
2025-10-15 15:30,34.43
2025-10-15 15:45,33.30
2025-10-15 16:00,33.53
2025-10-15 16:15,32.00
2025-10-15 16:30,33.07
2025-10-15 16:45,32.80
2025-10-15 17:00,32.89
2025-10-15 17:15,32.42
2025-10-15 17:30,32.51
2025-10-15 17:45,31.75
2025-10-15 18:00,31.45
2025-10-15 18:15,30.67
2025-10-15 18:30,30.65
2025-10-15 18:45,30.92
2025-10-15 19:00,30.31
2025-10-15 19:15,31.10
2025-10-15 19:30,30.65
2025-10-15 19:45,31.09
2025-10-15 20:00,31.10
2025-10-15 20:15,31.30
2025-10-15 20:30,30.55
2025-10-15 20:45,31.00
2025-10-15 21:00,30.44
2025-10-15 21:15,28.55
2025-10-15 21:30,27.86
2025-10-15 21:45,27.95
2025-10-15 22:00,26.91
2025-10-15 22:15,26.64
2025-10-15 22:30,26.59
2025-10-15 22:45,26.69
2025-10-15 23:00,27.23
2025-10-15 23:15,26.89
2025-10-15 23:30,26.98
2025-10-15 23:45,27.13
2025-10-16 00:00,27.02
2025-10-16 00:15,27.02
2025-10-16 00:30,27.20
2025-10-16 00:45,26.96
2025-10-16 01:00,27.18
2025-10-16 01:15,27.36
2025-10-16 01:30,27.56
2025-10-16 01:45,27.72
2025-10-16 02:00,27.14
2025-10-16 02:15,27.36
2025-10-16 02:30,27.02
2025-10-16 02:45,27.25
2025-10-16 03:00,27.88
2025-10-16 03:15,26.64
2025-10-16 03:30,26.12
2025-10-16 03:45,26.33
2025-10-16 04:00,26.51
2025-10-16 04:15,26.42
2025-10-16 04:30,26.77
2025-10-16 04:45,26.71
2025-10-16 05:00,27.52
2025-10-16 05:15,27.59
2025-10-16 05:30,27.29
2025-10-16 05:45,27.63
2025-10-16 06:00,27.65
2025-10-16 06:15,27.88
2025-10-16 06:30,27.92
2025-10-16 06:45,27.49
2025-10-16 07:00,27.81
2025-10-16 07:15,27.79
2025-10-16 07:30,29.03
2025-10-16 07:45,29.29
2025-10-16 08:00,29.23
2025-10-16 08:15,32.42
2025-10-16 08:30,33.89
2025-10-16 08:45,34.31
2025-10-16 09:00,33.61
2025-10-16 09:15,33.26
2025-10-16 09:30,33.35
2025-10-16 09:45,32.08
2025-10-16 10:00,31.68
2025-10-16 10:15,32.04
2025-10-16 10:30,31.68
2025-10-16 10:45,31.52
2025-10-16 11:00,31.64
2025-10-16 11:15,32.09
2025-10-16 11:30,31.27
2025-10-16 11:45,31.12
2025-10-16 12:00,31.54
2025-10-16 12:15,32.02
2025-10-16 12:30,31.63
2025-10-16 12:45,31.32
2025-10-16 13:00,31.36
2025-10-16 13:15,30.92
2025-10-16 13:30,30.92
2025-10-16 13:45,31.88
2025-10-16 14:00,31.79
2025-10-16 14:15,31.36
2025-10-16 14:30,31.63
2025-10-16 14:45,31.59
2025-10-16 15:00,31.32
2025-10-16 15:15,31.46
2025-10-16 15:30,31.37
2025-10-16 15:45,31.64
2025-10-16 16:00,31.19
2025-10-16 16:15,32.20
2025-10-16 16:30,31.63
2025-10-16 16:45,31.63
2025-10-16 17:00,31.28
2025-10-16 17:15,31.72
2025-10-16 17:30,31.66
2025-10-16 17:45,31.64
2025-10-16 18:00,31.66
2025-10-16 18:15,30.80
2025-10-16 18:30,30.55
2025-10-16 18:45,30.65
2025-10-16 19:00,30.69
2025-10-16 19:15,30.44
2025-10-16 19:30,29.99
2025-10-16 19:45,30.46
2025-10-16 20:00,30.64
2025-10-16 20:15,30.46
2025-10-16 20:30,30.29
2025-10-16 20:45,30.83
2025-10-16 21:00,30.35
2025-10-16 21:15,27.94
2025-10-16 21:30,28.28
2025-10-16 21:45,28.37
2025-10-16 22:00,28.13
2025-10-16 22:15,28.30
2025-10-16 22:30,28.78
2025-10-16 22:45,28.85
2025-10-16 23:00,26.95
2025-10-16 23:15,26.96
2025-10-16 23:30,26.68
2025-10-16 23:45,26.89
2025-10-17 00:00,26.82
2025-10-17 00:15,27.14
2025-10-17 00:30,27.04
2025-10-17 00:45,26.93
2025-10-17 01:00,26.75
2025-10-17 01:15,26.78
2025-10-17 01:30,27.13
2025-10-17 01:45,26.86
2025-10-17 02:00,27.02
2025-10-17 02:15,27.23
2025-10-17 02:30,26.84
2025-10-17 02:45,27.16
2025-10-17 03:00,27.27
2025-10-17 03:15,26.95
2025-10-17 03:30,27.50
2025-10-17 03:45,27.32
2025-10-17 04:00,26.93
2025-10-17 04:15,27.43
2025-10-17 04:30,27.29
2025-10-17 04:45,27.40
2025-10-17 05:00,27.41
2025-10-17 05:15,27.47
2025-10-17 05:30,27.41
2025-10-17 05:45,27.31
2025-10-17 06:00,27.38
2025-10-17 06:15,27.13
2025-10-17 06:30,27.18
2025-10-17 06:45,27.50
2025-10-17 07:00,28.89
2025-10-17 07:15,32.92
2025-10-17 07:30,33.05
2025-10-17 07:45,31.70
2025-10-17 08:00,30.91
2025-10-17 08:15,32.31
2025-10-17 08:30,32.35
2025-10-17 08:45,31.99
2025-10-17 09:00,33.25
2025-10-17 09:15,34.45
2025-10-17 09:30,32.76
2025-10-17 09:45,33.57
2025-10-17 10:00,32.62
2025-10-17 10:15,34.06
2025-10-17 10:30,33.39
2025-10-17 10:45,33.66
2025-10-17 11:00,33.57
2025-10-17 11:15,33.66
2025-10-17 11:30,33.70
2025-10-17 11:45,34.07
2025-10-17 12:00,33.25
2025-10-17 12:15,33.08
2025-10-17 12:30,33.68
2025-10-17 12:45,33.25
2025-10-17 13:00,32.65
2025-10-17 13:15,32.81
2025-10-17 13:30,32.54
2025-10-17 13:45,31.90
2025-10-17 14:00,33.32
2025-10-17 14:15,33.68
2025-10-17 14:30,32.31
2025-10-17 14:45,33.17
2025-10-17 15:00,32.94
2025-10-17 15:15,32.62
2025-10-17 15:30,32.02
2025-10-17 15:45,31.55
2025-10-17 16:00,31.50
2025-10-17 16:15,32.35
2025-10-17 16:30,31.54
2025-10-17 16:45,31.28
2025-10-17 17:00,31.46
2025-10-17 17:15,31.81
2025-10-17 17:30,31.73
2025-10-17 17:45,31.10
2025-10-17 18:00,29.59
2025-10-17 18:15,25.15
2025-10-17 18:30,23.08
2025-10-17 18:45,23.54
2025-10-17 19:00,23.76
2025-10-17 19:15,24.41
2025-10-17 19:30,23.67
2025-10-17 19:45,23.83
2025-10-17 20:00,24.07
2025-10-17 20:15,24.08
2025-10-17 20:30,23.99
2025-10-17 20:45,24.35
2025-10-17 21:00,24.50
2025-10-17 21:15,24.34
2025-10-17 21:30,24.43
2025-10-17 21:45,24.84
2025-10-17 22:00,24.55
2025-10-17 22:15,24.30
2025-10-17 22:30,24.75
2025-10-17 22:45,24.84
2025-10-17 23:00,24.64
2025-10-17 23:15,24.97
2025-10-17 23:30,24.93
2025-10-17 23:45,24.25
2025-10-18 00:00,24.95
2025-10-18 00:15,24.79
2025-10-18 00:30,24.70
2025-10-18 00:45,24.75
2025-10-18 01:00,25.02
2025-10-18 01:15,24.80
2025-10-18 01:30,24.71
2025-10-18 01:45,24.89
2025-10-18 02:00,25.02
2025-10-18 02:15,24.91
2025-10-18 02:30,25.02
2025-10-18 02:45,24.98
2025-10-18 03:00,25.04
2025-10-18 03:15,24.95
2025-10-18 03:30,25.22
2025-10-18 03:45,25.00
2025-10-18 04:00,24.84
2025-10-18 04:15,24.82
2025-10-18 04:30,24.84
2025-10-18 04:45,24.80
2025-10-18 05:00,24.91
2025-10-18 05:15,25.18
2025-10-18 05:30,25.09
2025-10-18 05:45,24.86
2025-10-18 06:00,25.09
2025-10-18 06:15,25.02
2025-10-18 06:30,25.06
2025-10-18 06:45,24.95
2025-10-18 07:00,25.02
2025-10-18 07:15,24.86
2025-10-18 07:30,25.06
2025-10-18 07:45,25.00
2025-10-18 08:00,25.38
2025-10-18 08:15,28.17
2025-10-18 08:30,31.79
2025-10-18 08:45,32.81
2025-10-18 09:00,32.67
2025-10-18 09:15,33.08
2025-10-18 09:30,32.72
2025-10-18 09:45,31.91
2025-10-18 10:00,32.15
2025-10-18 10:15,32.36
2025-10-18 10:30,33.35
2025-10-18 10:45,32.85
2025-10-18 11:00,33.14
2025-10-18 11:15,32.06
2025-10-18 11:30,31.79
2025-10-18 11:45,32.49
2025-10-18 12:00,32.18
2025-10-18 12:15,31.63
2025-10-18 12:30,31.99
2025-10-18 12:45,32.27
2025-10-18 13:00,32.65
2025-10-18 13:15,32.13
2025-10-18 13:30,31.25
2025-10-18 13:45,19.01
2025-10-18 14:00,12.26
2025-10-18 14:15,12.35
2025-10-18 14:30,12.53
2025-10-18 14:45,12.15
2025-10-18 15:00,12.49
2025-10-18 15:15,12.53
2025-10-18 15:30,12.62
2025-10-18 15:45,12.55
2025-10-18 16:00,12.53
2025-10-18 16:15,12.49
2025-10-18 16:30,12.44
2025-10-18 16:45,12.44
2025-10-18 17:00,12.49
2025-10-18 17:15,12.42
2025-10-18 17:30,12.40
2025-10-18 17:45,12.44
2025-10-18 18:00,13.00
2025-10-18 18:15,12.38
2025-10-18 18:30,12.91
2025-10-18 18:45,12.73
2025-10-18 19:00,12.69
2025-10-18 19:15,13.00
2025-10-18 19:30,13.05
2025-10-18 19:45,12.56
2025-10-18 20:00,12.96
2025-10-18 20:15,13.07
2025-10-18 20:30,13.18
2025-10-18 20:45,13.12
2025-10-18 21:00,13.10
2025-10-18 21:15,13.05
2025-10-18 21:30,13.01
2025-10-18 21:45,13.01
2025-10-18 22:00,13.05
2025-10-18 22:15,13.14
2025-10-18 22:30,13.19
2025-10-18 22:45,13.21
2025-10-18 23:00,13.27
2025-10-18 23:15,13.30
2025-10-18 23:30,13.23
2025-10-18 23:45,13.21
2025-10-19 00:00,13.23
2025-10-19 00:15,13.27
2025-10-19 00:30,13.25
2025-10-19 00:45,13.16
2025-10-19 01:00,13.21
2025-10-19 01:15,13.27
2025-10-19 01:30,13.25
2025-10-19 01:45,13.27
2025-10-19 02:00,13.25
2025-10-19 02:15,13.12
2025-10-19 02:30,13.23
2025-10-19 02:45,13.28
2025-10-19 03:00,13.32
2025-10-19 03:15,13.39
2025-10-19 03:30,13.39
2025-10-19 03:45,13.43
2025-10-19 04:00,13.32
2025-10-19 04:15,13.23
2025-10-19 04:30,13.23
2025-10-19 04:45,13.25
2025-10-19 05:00,13.27
2025-10-19 05:15,13.27
2025-10-19 05:30,13.34
2025-10-19 05:45,13.55
2025-10-19 06:00,13.59
2025-10-19 06:15,13.37
2025-10-19 06:30,13.25
2025-10-19 06:45,13.27
2025-10-19 07:00,13.61
2025-10-19 07:15,13.52
2025-10-19 07:30,13.23
2025-10-19 07:45,13.25
2025-10-19 08:00,13.27
2025-10-19 08:15,13.36
2025-10-19 08:30,13.46
2025-10-19 08:45,13.23
2025-10-19 09:00,13.28
2025-10-19 09:15,13.19
2025-10-19 09:30,13.09
2025-10-19 09:45,13.01
2025-10-19 10:00,12.87
2025-10-19 10:15,12.67
2025-10-19 10:30,13.01
2025-10-19 10:45,12.47
2025-10-19 11:00,12.55
2025-10-19 11:15,12.46
2025-10-19 11:30,12.42
2025-10-19 11:45,11.81
2025-10-19 12:00,11.29
2025-10-19 12:15,11.11
2025-10-19 12:30,10.76
2025-10-19 12:45,10.75
2025-10-19 13:00,10.76
2025-10-19 13:15,10.69
2025-10-19 13:30,10.85
2025-10-19 13:45,10.75
2025-10-19 14:00,10.78
2025-10-19 14:15,10.75
2025-10-19 14:30,10.76
2025-10-19 14:45,10.80
2025-10-19 15:00,10.85
2025-10-19 15:15,10.82
2025-10-19 15:30,10.80
2025-10-19 15:45,10.80
2025-10-19 16:00,10.87
2025-10-19 16:15,10.78
2025-10-19 16:30,10.69
2025-10-19 16:45,10.73
2025-10-19 17:00,10.67
2025-10-19 17:15,10.69
2025-10-19 17:30,10.67
2025-10-19 17:45,10.66
2025-10-19 18:00,10.69
2025-10-19 18:15,10.64
2025-10-19 18:30,10.76
2025-10-19 18:45,10.62
2025-10-19 19:00,10.66
2025-10-19 19:15,10.75
2025-10-19 19:30,10.71
2025-10-19 19:45,10.66
2025-10-19 20:00,10.73
2025-10-19 20:15,10.64
2025-10-19 20:30,10.64
2025-10-19 20:45,10.60
2025-10-19 21:00,10.76
2025-10-19 21:15,10.60
2025-10-19 21:30,10.64
2025-10-19 21:45,10.58
2025-10-19 22:00,10.66
2025-10-19 22:15,10.58
2025-10-19 22:30,10.62
2025-10-19 22:45,10.57
2025-10-19 23:00,10.62
2025-10-19 23:15,10.62
2025-10-19 23:30,10.66
2025-10-19 23:45,10.66
2025-10-20 00:00,10.57
2025-10-20 00:15,10.58
2025-10-20 00:30,10.55
2025-10-20 00:45,10.58
2025-10-20 01:00,10.60
2025-10-20 01:15,10.53
2025-10-20 01:30,10.60
2025-10-20 01:45,10.62
2025-10-20 02:00,10.58
2025-10-20 02:15,10.57
2025-10-20 02:30,10.53
2025-10-20 02:45,10.57
2025-10-20 03:00,10.53
2025-10-20 03:15,10.55
2025-10-20 03:30,10.55
2025-10-20 03:45,10.55
2025-10-20 04:00,10.64
2025-10-20 04:15,10.58
2025-10-20 04:30,10.69
2025-10-20 04:45,10.49
2025-10-20 05:00,10.53
2025-10-20 05:15,10.53
2025-10-20 05:30,10.51
2025-10-20 05:45,10.66
2025-10-20 06:00,10.53
2025-10-20 06:15,10.53
2025-10-20 06:30,10.58
2025-10-20 06:45,10.51
2025-10-20 07:00,10.49
2025-10-20 07:15,10.46
2025-10-20 07:30,10.46
2025-10-20 07:45,18.20
2025-10-20 08:00,22.66
2025-10-20 08:15,27.76
2025-10-20 08:30,22.59
2025-10-20 08:45,21.31
2025-10-20 09:00,22.81
2025-10-20 09:15,24.16
2025-10-20 09:30,27.45
2025-10-20 09:45,26.39
2025-10-20 10:00,25.34
2025-10-20 10:15,24.68
2025-10-20 10:30,25.94
2025-10-20 10:45,26.30
2025-10-20 11:00,24.97
2025-10-20 11:15,25.90
2025-10-20 11:30,22.90
2025-10-20 11:45,23.60
2025-10-20 12:00,22.91
2025-10-20 12:15,23.65
2025-10-20 12:30,23.99
2025-10-20 12:45,22.07
2025-10-20 13:00,22.95
2025-10-20 13:15,23.44
2025-10-20 13:30,24.43
2025-10-20 13:45,24.79
2025-10-20 14:00,24.79
2025-10-20 14:15,24.41
2025-10-20 14:30,27.95
2025-10-20 14:45,29.57
2025-10-20 15:00,29.79
2025-10-20 15:15,29.52
2025-10-20 15:30,29.38
2025-10-20 15:45,31.01
2025-10-20 16:00,30.94
2025-10-20 16:15,30.26
2025-10-20 16:30,29.57
2025-10-20 16:45,30.65
2025-10-20 17:00,31.50
2025-10-20 17:15,30.89
2025-10-20 17:30,30.82
2025-10-20 17:45,30.42
2025-10-20 18:00,29.14
2025-10-20 18:15,25.90
2025-10-20 18:30,23.27
2025-10-20 18:45,21.85
2025-10-20 19:00,21.67
2025-10-20 19:15,21.67
2025-10-20 19:30,22.28
2025-10-20 19:45,22.41
2025-10-20 20:00,22.28
2025-10-20 20:15,21.67
2025-10-20 20:30,21.78
2025-10-20 20:45,21.08
2025-10-20 21:00,21.87
2025-10-20 21:15,21.96
2025-10-20 21:30,21.67
2025-10-20 21:45,20.68
2025-10-20 22:00,21.04
2025-10-20 22:15,20.07
2025-10-20 22:30,20.63
2025-10-20 22:45,21.40
2025-10-20 23:00,20.39
2025-10-20 23:15,20.23
2025-10-20 23:30,21.02
2025-10-20 23:45,20.88
2025-10-21 00:00,20.05
2025-10-21 00:15,20.72
2025-10-21 00:30,20.00
2025-10-21 00:45,20.68
2025-10-21 01:00,21.15
2025-10-21 01:15,20.23
2025-10-21 01:30,20.36
2025-10-21 01:45,18.32
2025-10-21 02:00,19.73
2025-10-21 02:15,20.07
2025-10-21 02:30,14.72
2025-10-21 02:45,13.79
2025-10-21 03:00,15.34
2025-10-21 03:15,14.85
2025-10-21 03:30,14.72
2025-10-21 03:45,14.42
2025-10-21 04:00,15.28
2025-10-21 04:15,14.31
2025-10-21 04:30,14.85
2025-10-21 04:45,14.65
2025-10-21 05:00,14.35
2025-10-21 05:15,15.03
2025-10-21 05:30,14.62
2025-10-21 05:45,14.35
2025-10-21 06:00,14.83
2025-10-21 06:15,14.85
2025-10-21 06:30,14.83
2025-10-21 06:45,14.18
2025-10-21 07:00,14.54
2025-10-21 07:15,14.98
2025-10-21 07:30,14.49
2025-10-21 07:45,16.02
2025-10-21 08:00,16.74
2025-10-21 08:15,19.89
2025-10-21 08:30,23.38
2025-10-21 08:45,22.16
2025-10-21 09:00,23.71
2025-10-21 09:15,28.91
2025-10-21 09:30,25.90
2025-10-21 09:45,26.08
2025-10-21 10:00,25.96
2025-10-21 10:15,29.97
2025-10-21 10:30,30.49
2025-10-21 10:45,29.61
2025-10-21 11:00,30.64
2025-10-21 11:15,30.10
2025-10-21 11:30,30.51
2025-10-21 11:45,29.14
2025-10-21 12:00,30.55
2025-10-21 12:15,30.73
2025-10-21 12:30,32.53
2025-10-21 12:45,31.91
2025-10-21 13:00,30.73
2025-10-21 13:15,31.79
2025-10-21 13:30,32.47
2025-10-21 13:45,32.90
2025-10-21 14:00,32.92
2025-10-21 14:15,32.27
2025-10-21 14:30,33.26
2025-10-21 14:45,32.99
2025-10-21 15:00,33.57
2025-10-21 15:15,32.99
2025-10-21 15:30,32.47
2025-10-21 15:45,31.63
2025-10-21 16:00,32.27
2025-10-21 16:15,33.07
2025-10-21 16:30,33.12
2025-10-21 16:45,33.43
2025-10-21 17:00,32.47
2025-10-21 17:15,31.18
2025-10-21 17:30,31.93
2025-10-21 17:45,31.88
2025-10-21 18:00,30.92
2025-10-21 18:15,27.23
2025-10-21 18:30,24.91
2025-10-21 18:45,25.47
2025-10-21 19:00,25.99
2025-10-21 19:15,24.46
2025-10-21 19:30,26.23
2025-10-21 19:45,27.36
2025-10-21 20:00,25.63
2025-10-21 20:15,25.42
2025-10-21 20:30,24.89
2025-10-21 20:45,25.90
2025-10-21 21:00,26.98
2025-10-21 21:15,25.70
2025-10-21 21:30,26.08
2025-10-21 21:45,25.65
2025-10-21 22:00,24.89
2025-10-21 22:15,25.99
2025-10-21 22:30,25.25
2025-10-21 22:45,24.53
2025-10-21 23:00,25.88
2025-10-21 23:15,25.56
2025-10-21 23:30,25.24
2025-10-21 23:45,26.24
2025-10-22 00:00,24.64
2025-10-22 00:15,25.94
2025-10-22 00:30,25.97
2025-10-22 00:45,25.15
2025-10-22 01:00,26.23
2025-10-22 01:15,24.68
2025-10-22 01:30,25.47
2025-10-22 01:45,25.69
2025-10-22 02:00,25.22
2025-10-22 02:15,26.10
2025-10-22 02:30,24.77
2025-10-22 02:45,25.47
2025-10-22 03:00,25.52
2025-10-22 03:15,24.66
2025-10-22 03:30,26.50
2025-10-22 03:45,24.71
2025-10-22 04:00,25.99
2025-10-22 04:15,25.78
2025-10-22 04:30,25.11
2025-10-22 04:45,25.29
2025-10-22 05:00,23.81
2025-10-22 05:15,24.10
2025-10-22 05:30,24.48
2025-10-22 05:45,23.92
2025-10-22 06:00,24.68
2025-10-22 06:15,23.49
2025-10-22 06:30,24.59
2025-10-22 06:45,23.90
2025-10-22 07:00,24.28
2025-10-22 07:15,28.15
2025-10-22 07:30,28.01
2025-10-22 07:45,28.60
2025-10-22 08:00,27.45
2025-10-22 08:15,28.08
2025-10-22 08:30,29.05
2025-10-22 08:45,29.27
2025-10-22 09:00,31.77
2025-10-22 09:15,34.06
2025-10-22 09:30,33.95
2025-10-22 09:45,34.40
2025-10-22 10:00,35.12
2025-10-22 10:15,37.60
2025-10-22 10:30,36.43
2025-10-22 10:45,34.43
2025-10-22 11:00,34.56
2025-10-22 11:15,36.04
2025-10-22 11:30,35.87
2025-10-22 11:45,34.92
2025-10-22 12:00,35.75
2025-10-22 12:15,35.91
2025-10-22 12:30,35.06
2025-10-22 12:45,33.70
2025-10-22 13:00,33.19
2025-10-22 13:15,32.54
2025-10-22 13:30,33.07
2025-10-22 13:45,35.26
2025-10-22 14:00,33.88
2025-10-22 14:15,34.61
2025-10-22 14:30,35.84
2025-10-22 14:45,34.25
2025-10-22 15:00,35.86
2025-10-22 15:15,36.56
2025-10-22 15:30,35.32
2025-10-22 15:45,35.84
2025-10-22 16:00,35.77
2025-10-22 16:15,35.95
2025-10-22 16:30,35.73
2025-10-22 16:45,34.07
2025-10-22 17:00,33.77
2025-10-22 17:15,34.02
2025-10-22 17:30,34.00
2025-10-22 17:45,33.64
2025-10-22 18:00,33.14
2025-10-22 18:15,30.40
2025-10-22 18:30,26.48
2025-10-22 18:45,27.45
2025-10-22 19:00,28.04
2025-10-22 19:15,26.91
2025-10-22 19:30,28.24
2025-10-22 19:45,27.59
2025-10-22 20:00,27.95
2025-10-22 20:15,27.04
2025-10-22 20:30,28.10
2025-10-22 20:45,28.21
2025-10-22 21:00,27.90
2025-10-22 21:15,25.99
2025-10-22 21:30,28.10
2025-10-22 21:45,27.38
2025-10-22 22:00,26.01
2025-10-22 22:15,27.99
2025-10-22 22:30,27.36
2025-10-22 22:45,26.26
2025-10-22 23:00,28.03
2025-10-22 23:15,26.68
2025-10-22 23:30,26.69
2025-10-22 23:45,28.03
2025-10-23 00:00,26.66
2025-10-23 00:15,27.49
2025-10-23 00:30,26.96
2025-10-23 00:45,27.54
2025-10-23 01:00,27.77
2025-10-23 01:15,25.99
2025-10-23 01:30,27.29
2025-10-23 01:45,27.92
2025-10-23 02:00,26.17
2025-10-23 02:15,27.05
2025-10-23 02:30,27.61
2025-10-23 02:45,27.25
2025-10-23 03:00,26.80
2025-10-23 03:15,26.96
2025-10-23 03:30,27.20
2025-10-23 03:45,27.88
2025-10-23 04:00,26.51
2025-10-23 04:15,26.24
2025-10-23 04:30,28.76
2025-10-23 04:45,26.64
2025-10-23 05:00,25.76
2025-10-23 05:15,28.58
2025-10-23 05:30,27.63
2025-10-23 05:45,26.14
2025-10-23 06:00,26.50
2025-10-23 06:15,28.22
2025-10-23 06:30,27.68
2025-10-23 06:45,24.89
2025-10-23 07:00,27.47
2025-10-23 07:15,27.65
2025-10-23 07:30,27.45
2025-10-23 07:45,28.66
2025-10-23 08:00,29.81
2025-10-23 08:15,31.75
2025-10-23 08:30,30.28
2025-10-23 08:45,30.64
2025-10-23 09:00,32.87
2025-10-23 09:15,36.04
2025-10-23 09:30,35.68
2025-10-23 09:45,36.40
2025-10-23 10:00,36.99
2025-10-23 10:15,37.73
2025-10-23 10:30,35.73
2025-10-23 10:45,35.87
2025-10-23 11:00,35.95
2025-10-23 11:15,35.48
2025-10-23 11:30,35.60
2025-10-23 11:45,37.17
2025-10-23 12:00,36.13
2025-10-23 12:15,35.51
2025-10-23 12:30,36.90
2025-10-23 12:45,34.92
2025-10-23 13:00,34.43
2025-10-23 13:15,35.23
2025-10-23 13:30,36.16
2025-10-23 13:45,34.90
2025-10-23 14:00,35.46
2025-10-23 14:15,35.93
2025-10-23 14:30,36.32
2025-10-23 14:45,35.17
2025-10-23 15:00,35.75
2025-10-23 15:15,36.27
2025-10-23 15:30,35.03
2025-10-23 15:45,34.18
2025-10-23 16:00,35.91
2025-10-23 16:15,35.24
2025-10-23 16:30,34.87
2025-10-23 16:45,35.42
2025-10-23 17:00,34.81
2025-10-23 17:15,32.81
2025-10-23 17:30,33.61
2025-10-23 17:45,34.49
2025-10-23 18:00,33.46
2025-10-23 18:15,28.57
2025-10-23 18:30,29.25
2025-10-23 18:45,28.49
2025-10-23 19:00,27.09
2025-10-23 19:15,28.71
2025-10-23 19:30,29.34
2025-10-23 19:45,28.75
2025-10-23 20:00,29.83
2025-10-23 20:15,29.23
2025-10-23 20:30,26.87
2025-10-23 20:45,26.51
2025-10-23 21:00,27.88
2025-10-23 21:15,27.02
2025-10-23 21:30,25.79
2025-10-23 21:45,27.38
2025-10-23 22:00,27.97
2025-10-23 22:15,26.12
2025-10-23 22:30,26.62
2025-10-23 22:45,27.90
2025-10-23 23:00,26.24
2025-10-23 23:15,26.10
2025-10-23 23:30,27.65
2025-10-23 23:45,27.45
2025-10-24 00:00,25.92
2025-10-24 00:15,26.84
2025-10-24 00:30,27.76
2025-10-24 00:45,26.80
2025-10-24 01:00,25.79
2025-10-24 01:15,26.14
2025-10-24 01:30,26.59
2025-10-24 01:45,25.22
2025-10-24 02:00,25.06
2025-10-24 02:15,26.39
2025-10-24 02:30,25.97
2025-10-24 02:45,25.09
2025-10-24 03:00,25.63
2025-10-24 03:15,25.76
2025-10-24 03:30,26.10
2025-10-24 03:45,24.95
2025-10-24 04:00,24.88
2025-10-24 04:15,26.75
2025-10-24 04:30,25.60
2025-10-24 04:45,24.88
2025-10-24 05:00,25.38
2025-10-24 05:15,26.19
2025-10-24 05:30,26.17
2025-10-24 05:45,24.88
2025-10-24 06:00,24.80
2025-10-24 06:15,26.19
2025-10-24 06:30,25.99
2025-10-24 06:45,25.81
2025-10-24 07:00,26.28
2025-10-24 07:15,25.92
2025-10-24 07:30,27.32
2025-10-24 07:45,28.03
2025-10-24 08:00,28.78
2025-10-24 08:15,29.84
2025-10-24 08:30,30.98
2025-10-24 08:45,31.16
2025-10-24 09:00,31.10
2025-10-24 09:15,33.86
2025-10-24 09:30,33.01
2025-10-24 09:45,32.71
2025-10-24 10:00,32.09
2025-10-24 10:15,31.99
2025-10-24 10:30,33.28
2025-10-24 10:45,32.27
2025-10-24 11:00,30.89
2025-10-24 11:15,32.78
2025-10-24 11:30,33.23
2025-10-24 11:45,31.86
2025-10-24 12:00,31.90
2025-10-24 12:15,32.69
2025-10-24 12:30,31.66
2025-10-24 12:45,30.56
2025-10-24 13:00,30.96
2025-10-24 13:15,30.92
2025-10-24 13:30,32.44
2025-10-24 13:45,31.52
2025-10-24 14:00,31.99
2025-10-24 14:15,33.12
2025-10-24 14:30,31.36
2025-10-24 14:45,32.96
2025-10-24 15:00,33.46
2025-10-24 15:15,32.02
2025-10-24 15:30,32.02
2025-10-24 15:45,31.19
2025-10-24 16:00,30.92
2025-10-24 16:15,31.86
2025-10-24 16:30,31.18
2025-10-24 16:45,33.57
2025-10-24 17:00,30.82
2025-10-24 17:15,31.05
2025-10-24 17:30,32.18
2025-10-24 17:45,29.39
2025-10-24 18:00,26.98
2025-10-24 18:15,17.98
2025-10-24 18:30,14.31
2025-10-24 18:45,15.12
2025-10-24 19:00,14.69
2025-10-24 19:15,14.69
2025-10-24 19:30,14.27
2025-10-24 19:45,14.63
2025-10-24 20:00,14.40
2025-10-24 20:15,13.99
2025-10-24 20:30,14.51
2025-10-24 20:45,13.48
2025-10-24 21:00,12.67
2025-10-24 21:15,13.03
2025-10-24 21:30,11.59
2025-10-24 21:45,12.94
2025-10-24 22:00,11.88
2025-10-24 22:15,12.31
2025-10-24 22:30,12.60
2025-10-24 22:45,11.75
2025-10-24 23:00,12.91
2025-10-24 23:15,11.84
2025-10-24 23:30,12.37
2025-10-24 23:45,12.38
2025-10-25 00:00,11.66
2025-10-25 00:15,13.09
2025-10-25 00:30,11.66
2025-10-25 00:45,12.55
2025-10-25 01:00,11.95
2025-10-25 01:15,11.90
2025-10-25 01:30,12.98
2025-10-25 01:45,11.61
2025-10-25 02:00,12.69
2025-10-25 02:15,11.57
2025-10-25 02:30,12.44
2025-10-25 02:45,12.42
2025-10-25 03:00,11.83
2025-10-25 03:15,12.74
2025-10-25 03:30,11.70
2025-10-25 03:45,12.69
2025-10-25 04:00,12.04
2025-10-25 04:15,12.26
2025-10-25 04:30,12.38
2025-10-25 04:45,11.74
2025-10-25 05:00,12.67
2025-10-25 05:15,11.48
2025-10-25 05:30,12.58
2025-10-25 05:45,11.88
2025-10-25 06:00,12.11
2025-10-25 06:15,12.47
2025-10-25 06:30,11.70
2025-10-25 06:45,12.67
2025-10-25 07:00,11.56
2025-10-25 07:15,12.51
2025-10-25 07:30,11.74
2025-10-25 07:45,12.20
2025-10-25 08:00,12.35
2025-10-25 08:15,11.57
2025-10-25 08:30,12.82
2025-10-25 08:45,11.63
2025-10-25 09:00,12.62
2025-10-25 09:15,11.83
2025-10-25 09:30,12.69
2025-10-25 09:45,12.64
2025-10-25 10:00,11.93
2025-10-25 10:15,13.23
2025-10-25 10:30,11.72
2025-10-25 10:45,13.12
2025-10-25 11:00,12.37
2025-10-25 11:15,13.36
2025-10-25 11:30,13.03
2025-10-25 11:45,12.10
2025-10-25 12:00,13.16
2025-10-25 12:15,11.66
2025-10-25 12:30,12.80
2025-10-25 12:45,11.79
2025-10-25 13:00,12.20
2025-10-25 13:15,12.28
2025-10-25 13:30,11.63
2025-10-25 13:45,12.64
2025-10-25 14:00,11.32
2025-10-25 14:15,12.46
2025-10-25 14:30,11.95
2025-10-25 14:45,12.06
2025-10-25 15:00,12.46
2025-10-25 15:15,11.74
2025-10-25 15:30,12.80
2025-10-25 15:45,12.08
2025-10-25 16:00,12.19
2025-10-25 16:15,12.38
2025-10-25 16:30,11.68
2025-10-25 16:45,12.67
2025-10-25 17:00,11.86
2025-10-25 17:15,12.26
2025-10-25 17:30,12.51
2025-10-25 17:45,11.92
2025-10-25 18:00,12.92
2025-10-25 18:15,12.04
2025-10-25 18:30,12.24
2025-10-25 18:45,12.69
2025-10-25 19:00,11.97
2025-10-25 19:15,12.78
2025-10-25 19:30,11.95
2025-10-25 19:45,12.37
2025-10-25 20:00,12.33
2025-10-25 20:15,12.44
2025-10-25 20:30,12.94
2025-10-25 20:45,11.90
2025-10-25 21:00,12.51
2025-10-25 21:15,12.17
2025-10-25 21:30,12.02
2025-10-25 21:45,12.85
2025-10-25 22:00,12.28
2025-10-25 22:15,12.64
2025-10-25 22:30,11.66
2025-10-25 22:45,12.49
2025-10-25 23:00,12.56
2025-10-25 23:15,12.13
2025-10-25 23:30,12.49
2025-10-25 23:45,12.01
2025-10-26 00:00,12.94
2025-10-26 00:15,11.50
2025-10-26 00:30,13.05
2025-10-26 00:45,11.47
2025-10-26 01:00,12.58
2025-10-26 01:15,11.86
2025-10-26 01:30,12.92
2025-10-26 01:45,11.84
2025-10-26 02:00,12.15
2025-10-26 02:15,12.02
2025-10-26 02:30,12.33
2025-10-26 02:45,12.26
2025-10-26 03:00,12.10
2025-10-26 03:15,12.51
2025-10-26 03:30,12.15
2025-10-26 03:45,12.46
2025-10-26 04:00,11.32
2025-10-26 04:15,13.10
2025-10-26 04:30,12.11
2025-10-26 04:45,12.49
2025-10-26 05:00,11.38
2025-10-26 05:15,13.01
2025-10-26 05:30,11.52
2025-10-26 05:45,12.83
2025-10-26 06:00,11.65
2025-10-26 06:15,12.96
2025-10-26 06:30,11.54
2025-10-26 06:45,12.42
2025-10-26 07:00,12.15
2025-10-26 07:15,12.73
2025-10-26 07:30,11.88
2025-10-26 07:45,12.22
2025-10-26 08:00,12.74
2025-10-26 08:15,12.38
2025-10-26 08:30,12.62
2025-10-26 08:45,11.77
2025-10-26 09:00,12.64
2025-10-26 09:15,11.59
2025-10-26 09:30,12.71
2025-10-26 09:45,12.37
2025-10-26 10:00,12.28
2025-10-26 10:15,12.69
2025-10-26 10:30,11.90
2025-10-26 10:45,12.83
2025-10-26 11:00,12.11
2025-10-26 11:15,12.13
2025-10-26 11:30,12.71
2025-10-26 11:45,11.79
2025-10-26 12:00,12.65
2025-10-26 12:15,12.01
2025-10-26 12:30,12.37
2025-10-26 12:45,12.55
2025-10-26 13:00,11.95
2025-10-26 13:15,12.96
2025-10-26 13:30,12.08
2025-10-26 13:45,12.46
2025-10-26 14:00,12.47
2025-10-26 14:15,11.74
2025-10-26 14:30,12.69
2025-10-26 14:45,12.06
2025-10-26 15:00,12.19
2025-10-26 15:15,12.64
2025-10-26 15:30,11.88
2025-10-26 15:45,12.98
2025-10-26 16:00,11.88
2025-10-26 16:15,12.37
2025-10-26 16:30,12.38
2025-10-26 16:45,11.72
2025-10-26 17:00,12.96
2025-10-26 17:15,11.68
2025-10-26 17:30,12.51
2025-10-26 17:45,11.88
2025-10-26 18:00,11.97
2025-10-26 18:15,13.00
2025-10-26 18:30,11.65
2025-10-26 18:45,12.67
2025-10-26 19:00,11.84
2025-10-26 19:15,12.17
2025-10-26 19:30,12.62
2025-10-26 19:45,11.77
2025-10-26 20:00,12.82
2025-10-26 20:15,11.54
2025-10-26 20:30,12.71
2025-10-26 20:45,11.95
2025-10-26 21:00,11.88
2025-10-26 21:15,12.67
2025-10-26 21:30,11.84
2025-10-26 21:45,12.51
2025-10-26 22:00,11.48
2025-10-26 22:15,12.80
2025-10-26 22:30,11.72
2025-10-26 22:45,12.55
2025-10-26 23:00,12.01
2025-10-26 23:15,11.90
2025-10-26 23:30,12.47
2025-10-26 23:45,11.74
2025-10-27 00:00,12.56
2025-10-27 00:15,12.08
2025-10-27 00:30,12.58
2025-10-27 00:45,11.21
2025-10-27 01:00,13.09
2025-10-27 01:15,11.29
2025-10-27 01:30,12.56
2025-10-27 01:45,11.21
2025-10-27 02:00,13.45
2025-10-27 02:15,11.52
2025-10-27 02:30,12.55
2025-10-27 02:45,11.23
2025-10-27 03:00,13.23
2025-10-27 03:15,11.63
2025-10-27 03:30,12.60
2025-10-27 03:45,12.13
2025-10-27 04:00,12.44
2025-10-27 04:15,12.56
2025-10-27 04:30,12.71
2025-10-27 04:45,12.38
2025-10-27 05:00,13.21
2025-10-27 05:15,12.13
2025-10-27 05:30,13.57
2025-10-27 05:45,12.28
2025-10-27 06:00,13.48
2025-10-27 06:15,12.35
2025-10-27 06:30,13.25
2025-10-27 06:45,12.51
2025-10-27 07:00,13.07
2025-10-27 07:15,12.73
2025-10-27 07:30,12.67
2025-10-27 07:45,22.50
2025-10-27 08:00,24.46
2025-10-27 08:15,20.20
2025-10-27 08:30,25.65
2025-10-27 08:45,24.89
2025-10-27 09:00,25.25
2025-10-27 09:15,26.03
2025-10-27 09:30,27.49
2025-10-27 09:45,27.52
2025-10-27 10:00,29.36
2025-10-27 10:15,28.64
2025-10-27 10:30,27.63
2025-10-27 10:45,27.07
2025-10-27 11:00,26.26
2025-10-27 11:15,27.54
2025-10-27 11:30,28.96
2025-10-27 11:45,27.83
2025-10-27 12:00,27.88
2025-10-27 12:15,28.28
2025-10-27 12:30,27.90
2025-10-27 12:45,26.77
2025-10-27 13:00,26.89
2025-10-27 13:15,26.01
2025-10-27 13:30,25.81
2025-10-27 13:45,26.82
2025-10-27 14:00,27.05
2025-10-27 14:15,26.96
2025-10-27 14:30,27.32
2025-10-27 14:45,26.82
2025-10-27 15:00,27.43
2025-10-27 15:15,26.42
2025-10-27 15:30,26.73
2025-10-27 15:45,24.05
2025-10-27 16:00,24.71
2025-10-27 16:15,26.06
2025-10-27 16:30,27.20
2025-10-27 16:45,26.21
2025-10-27 17:00,26.42
2025-10-27 17:15,26.57
2025-10-27 17:30,25.90
2025-10-27 17:45,24.91
2025-10-27 18:00,25.25
2025-10-27 18:15,22.03
2025-10-27 18:30,21.04
2025-10-27 18:45,21.19
2025-10-27 19:00,20.45
2025-10-27 19:15,20.54
2025-10-27 19:30,20.00
2025-10-27 19:45,19.91
2025-10-27 20:00,20.50
2025-10-27 20:15,20.11
2025-10-27 20:30,19.82
2025-10-27 20:45,20.05
2025-10-27 21:00,20.32
2025-10-27 21:15,19.44
2025-10-27 21:30,20.12
2025-10-27 21:45,20.30
2025-10-27 22:00,19.57
2025-10-27 22:15,19.84
2025-10-27 22:30,19.42
2025-10-27 22:45,19.89
2025-10-27 23:00,19.69
2025-10-27 23:15,19.58
2025-10-27 23:30,19.89
2025-10-27 23:45,20.18
2025-10-28 00:00,22.54
2025-10-28 00:15,18.50
2025-10-28 00:30,18.94
2025-10-28 00:45,16.85
2025-10-28 01:00,18.67
2025-10-28 01:15,18.97
2025-10-28 01:30,17.23
2025-10-28 01:45,17.64
2025-10-28 02:00,18.18
2025-10-28 02:15,18.63
2025-10-28 02:30,17.48
2025-10-28 02:45,17.68
2025-10-28 03:00,18.38
2025-10-28 03:15,17.35
2025-10-28 03:30,18.77
2025-10-28 03:45,17.95
2025-10-28 04:00,17.84
2025-10-28 04:15,18.85
2025-10-28 04:30,17.21
2025-10-28 04:45,19.12
2025-10-28 05:00,17.66
2025-10-28 05:15,18.23
2025-10-28 05:30,17.60
2025-10-28 05:45,18.83
2025-10-28 06:00,17.96
2025-10-28 06:15,17.78
2025-10-28 06:30,18.86
2025-10-28 06:45,17.51
2025-10-28 07:00,18.86
2025-10-28 07:15,18.02
2025-10-28 07:30,17.69
2025-10-28 07:45,20.29
2025-10-28 08:00,20.61
2025-10-28 08:15,24.14
2025-10-28 08:30,25.97
2025-10-28 08:45,27.16
2025-10-28 09:00,26.51
2025-10-28 09:15,24.57
2025-10-28 09:30,26.62
2025-10-28 09:45,27.86
2025-10-28 10:00,27.49
2025-10-28 10:15,27.67
2025-10-28 10:30,25.29
2025-10-28 10:45,24.23
2025-10-28 11:00,25.06
2025-10-28 11:15,27.36
2025-10-28 11:30,26.87
2025-10-28 11:45,26.06
2025-10-28 12:00,25.92
2025-10-28 12:15,26.28
2025-10-28 12:30,26.28
2025-10-28 12:45,25.13
2025-10-28 13:00,24.70
2025-10-28 13:15,24.82
2025-10-28 13:30,24.62
2025-10-28 13:45,25.52
2025-10-28 14:00,28.06
2025-10-28 14:15,28.28
2025-10-28 14:30,31.09
2025-10-28 14:45,31.73
2025-10-28 15:00,32.24
2025-10-28 15:15,32.42
2025-10-28 15:30,30.69
2025-10-28 15:45,30.64
2025-10-28 16:00,30.87
2025-10-28 16:15,30.98
2025-10-28 16:30,30.20
2025-10-28 16:45,29.93
2025-10-28 17:00,30.56
2025-10-28 17:15,29.68
2025-10-28 17:30,30.40
2025-10-28 17:45,29.43
2025-10-28 18:00,28.80
2025-10-28 18:15,24.64
2025-10-28 18:30,22.82
2025-10-28 18:45,22.55
2025-10-28 19:00,22.86
2025-10-28 19:15,22.34
2025-10-28 19:30,23.13
2025-10-28 19:45,23.04
2025-10-28 20:00,23.15
2025-10-28 20:15,23.17
2025-10-28 20:30,24.55
2025-10-28 20:45,22.88
2025-10-28 21:00,25.04
2025-10-28 21:15,23.17
2025-10-28 21:30,22.82
2025-10-28 21:45,23.38
2025-10-28 22:00,25.18
2025-10-28 22:15,22.30
2025-10-28 22:30,22.09
2025-10-28 22:45,24.66
2025-10-28 23:00,21.02
2025-10-28 23:15,21.71
2025-10-28 23:30,20.81
2025-10-28 23:45,20.27
2025-10-29 00:00,21.40
2025-10-29 00:15,22.93
2025-10-29 00:30,21.15
2025-10-29 00:45,20.63
2025-10-29 01:00,20.66
2025-10-29 01:15,22.32
2025-10-29 01:30,21.20
2025-10-29 01:45,20.90
2025-10-29 02:00,20.50
2025-10-29 02:15,22.99
2025-10-29 02:30,20.90
2025-10-29 02:45,20.84
2025-10-29 03:00,22.55
2025-10-29 03:15,23.27
2025-10-29 03:30,21.04
2025-10-29 03:45,20.75
2025-10-29 04:00,22.68
2025-10-29 04:15,21.51
2025-10-29 04:30,23.24
2025-10-29 04:45,21.87
2025-10-29 05:00,21.71
2025-10-29 05:15,21.15
2025-10-29 05:30,21.94
2025-10-29 05:45,21.37
2025-10-29 06:00,20.75
2025-10-29 06:15,22.25
2025-10-29 06:30,21.13
2025-10-29 06:45,21.01
2025-10-29 07:00,22.27
2025-10-29 07:15,20.99
2025-10-29 07:30,20.77
2025-10-29 07:45,22.48
2025-10-29 08:00,25.16
2025-10-29 08:15,25.94
2025-10-29 08:30,29.61
2025-10-29 08:45,34.15
2025-10-29 09:00,32.69
2025-10-29 09:15,29.83
2025-10-29 09:30,29.61
2025-10-29 09:45,30.64
2025-10-29 10:00,28.66
2025-10-29 10:15,29.34
2025-10-29 10:30,28.37
2025-10-29 10:45,28.73
2025-10-29 11:00,28.46
2025-10-29 11:15,30.22
2025-10-29 11:30,28.01
2025-10-29 11:45,28.13
2025-10-29 12:00,28.46
2025-10-29 12:15,29.00
2025-10-29 12:30,28.67
2025-10-29 12:45,28.06
2025-10-29 13:00,27.90
2025-10-29 13:15,29.27
2025-10-29 13:30,27.36
2025-10-29 13:45,28.48
2025-10-29 14:00,29.07
2025-10-29 14:15,28.21
2025-10-29 14:30,27.47
2025-10-29 14:45,29.25
2025-10-29 15:00,30.64
2025-10-29 15:15,28.58
2025-10-29 15:30,27.94
2025-10-29 15:45,26.75
2025-10-29 16:00,29.41
2025-10-29 16:15,27.61
2025-10-29 16:30,28.03
2025-10-29 16:45,29.86
2025-10-29 17:00,28.57
2025-10-29 17:15,27.56
2025-10-29 17:30,27.68
2025-10-29 17:45,30.38
2025-10-29 18:00,25.16
2025-10-29 18:15,23.09
2025-10-29 18:30,24.39
2025-10-29 18:45,21.26
2025-10-29 19:00,21.17
2025-10-29 19:15,21.02
2025-10-29 19:30,21.19
2025-10-29 19:45,20.92
2025-10-29 20:00,21.13
2025-10-29 20:15,21.51
2025-10-29 20:30,21.44
2025-10-29 20:45,20.92
2025-10-29 21:00,21.26
2025-10-29 21:15,21.82
2025-10-29 21:30,21.19
2025-10-29 21:45,21.35
2025-10-29 22:00,21.24
2025-10-29 22:15,21.40
2025-10-29 22:30,21.38
2025-10-29 22:45,21.31
2025-10-29 23:00,21.73
2025-10-29 23:15,21.26
2025-10-29 23:30,21.35
2025-10-29 23:45,21.28
2025-10-30 00:00,21.55
2025-10-30 00:15,21.65
2025-10-30 00:30,20.21
2025-10-30 00:45,20.18
2025-10-30 01:00,20.16
2025-10-30 01:15,20.03
2025-10-30 01:30,20.29
2025-10-30 01:45,19.93
2025-10-30 02:00,21.24
2025-10-30 02:15,20.90
2025-10-30 02:30,20.56
2025-10-30 02:45,20.72
2025-10-30 03:00,20.12
2025-10-30 03:15,19.96
2025-10-30 03:30,20.57
2025-10-30 03:45,20.02
2025-10-30 04:00,21.33
2025-10-30 04:15,20.54
2025-10-30 04:30,20.30
2025-10-30 04:45,20.29
2025-10-30 05:00,20.66
2025-10-30 05:15,19.78
2025-10-30 05:30,21.60
2025-10-30 05:45,20.84
2025-10-30 06:00,20.38
2025-10-30 06:15,20.47
2025-10-30 06:30,20.32
2025-10-30 06:45,20.70
2025-10-30 07:00,20.11
2025-10-30 07:15,21.06
2025-10-30 07:30,21.74
2025-10-30 07:45,21.38
2025-10-30 08:00,24.34
2025-10-30 08:15,25.94
2025-10-30 08:30,25.88
2025-10-30 08:45,26.91
2025-10-30 09:00,25.42
2025-10-30 09:15,27.41
2025-10-30 09:30,26.32
2025-10-30 09:45,27.05
2025-10-30 10:00,26.69
2025-10-30 10:15,27.81
2025-10-30 10:30,24.66
2025-10-30 10:45,26.01
2025-10-30 11:00,27.41
2025-10-30 11:15,25.81
2025-10-30 11:30,28.94
2025-10-30 11:45,29.12
2025-10-30 12:00,26.53
2025-10-30 12:15,25.36
2025-10-30 12:30,26.26
2025-10-30 12:45,25.87
2025-10-30 13:00,27.47
2025-10-30 13:15,27.88
2025-10-30 13:30,24.86
2025-10-30 13:45,26.39
2025-10-30 14:00,26.77
2025-10-30 14:15,26.24
2025-10-30 14:30,27.09
2025-10-30 14:45,25.52
2025-10-30 15:00,25.43
2025-10-30 15:15,28.03
2025-10-30 15:30,26.19
2025-10-30 15:45,25.24
2025-10-30 16:00,25.54
2025-10-30 16:15,30.71
2025-10-30 16:30,27.92
2025-10-30 16:45,29.88
2025-10-30 17:00,28.51
2025-10-30 17:15,30.47
2025-10-30 17:30,27.50
2025-10-30 17:45,27.86
2025-10-30 18:00,25.70
2025-10-30 18:15,23.11
2025-10-30 18:30,22.48
2025-10-30 18:45,22.25
2025-10-30 19:00,21.80
2025-10-30 19:15,22.84
2025-10-30 19:30,21.82
2025-10-30 19:45,25.72
2025-10-30 20:00,22.95
2025-10-30 20:15,22.07
2025-10-30 20:30,25.67
2025-10-30 20:45,21.92
2025-10-30 21:00,22.14
2025-10-30 21:15,22.32
2025-10-30 21:30,21.64
2025-10-30 21:45,22.21
2025-10-30 22:00,21.87
2025-10-30 22:15,22.21
2025-10-30 22:30,20.36
2025-10-30 22:45,20.09
2025-10-30 23:00,21.29
2025-10-30 23:15,23.22
2025-10-30 23:30,19.82
2025-10-30 23:45,20.52
2025-10-31 00:00,22.19
2025-10-31 00:15,18.97
2025-10-31 00:30,20.38
2025-10-31 00:45,20.95
2025-10-31 01:00,19.03
2025-10-31 01:15,19.22
2025-10-31 01:30,19.46
2025-10-31 01:45,19.40
2025-10-31 02:00,19.39
2025-10-31 02:15,19.57
2025-10-31 02:30,19.35
2025-10-31 02:45,19.58
2025-10-31 03:00,18.23
2025-10-31 03:15,19.67
2025-10-31 03:30,19.75
2025-10-31 03:45,19.60
2025-10-31 04:00,19.46
2025-10-31 04:15,20.29
2025-10-31 04:30,19.06
2025-10-31 04:45,19.98
2025-10-31 05:00,23.81
2025-10-31 05:15,18.97
2025-10-31 05:30,19.28
2025-10-31 05:45,21.22
2025-10-31 06:00,20.34
2025-10-31 06:15,20.20
2025-10-31 06:30,19.22
2025-10-31 06:45,20.20
2025-10-31 07:00,20.20
2025-10-31 07:15,19.66
2025-10-31 07:30,20.47
2025-10-31 07:45,23.60
2025-10-31 08:00,23.63
2025-10-31 08:15,27.63
2025-10-31 08:30,27.47
2025-10-31 08:45,26.51
2025-10-31 09:00,28.46
2025-10-31 09:15,31.07
2025-10-31 09:30,29.47
2025-10-31 09:45,29.29
2025-10-31 10:00,28.55
2025-10-31 10:15,26.57
2025-10-31 10:30,26.53
2025-10-31 10:45,26.35
2025-10-31 11:00,26.66
2025-10-31 11:15,27.27
2025-10-31 11:30,28.98
2025-10-31 11:45,30.11
2025-10-31 12:00,30.80
2025-10-31 12:15,31.14
2025-10-31 12:30,30.85
2025-10-31 12:45,29.41
2025-10-31 13:00,29.30
2025-10-31 13:15,28.96
2025-10-31 13:30,29.56
2025-10-31 13:45,31.07
2025-10-31 14:00,30.62
2025-10-31 14:15,29.83
2025-10-31 14:30,29.59
2025-10-31 14:45,29.61
2025-10-31 15:00,28.57
2025-10-31 15:15,29.56
2025-10-31 15:30,30.20
2025-10-31 15:45,30.13
2025-10-31 16:00,28.66
2025-10-31 16:15,29.07
2025-10-31 16:30,28.76
2025-10-31 16:45,28.06
2025-10-31 17:00,28.15
2025-10-31 17:15,28.24
2025-10-31 17:30,27.99
2025-10-31 17:45,26.68
2025-10-31 18:00,26.57
2025-10-31 18:15,17.42
2025-10-31 18:30,17.44
2025-10-31 18:45,17.01
2025-10-31 19:00,16.70
2025-10-31 19:15,17.26
2025-10-31 19:30,17.19
2025-10-31 19:45,16.79
2025-10-31 20:00,17.19
2025-10-31 20:15,17.03
2025-10-31 20:30,16.31
2025-10-31 20:45,16.60
2025-10-31 21:00,16.27
2025-10-31 21:15,16.65
2025-10-31 21:30,16.04
2025-10-31 21:45,16.81
2025-10-31 22:00,16.16
2025-10-31 22:15,16.61
2025-10-31 22:30,16.42
2025-10-31 22:45,16.61
2025-10-31 23:00,16.90
2025-10-31 23:15,16.51
2025-10-31 23:30,16.65
2025-10-31 23:45,16.94
2025-11-01 00:00,16.54
